family,key,relL2_oracle,relL2_random,relL2_sigma_0.25,relL2_sigma_0.5,relL2_sigma_1.0,relL2_zero
sparc_1515,run44_sparc_1515,1.2279436147983855,1.881356315341705,1.2847852265452655,1.3306467719604769,1.585887063034721,1.1641186687310314
sparc_1522,run73_sparc_1522,1.4243800543515406,2.1230700828135243,1.4742268450791296,1.5428323080322135,1.9086096471470122,1.1991989478582932
sparc_1529,run16_sparc_1529,1.156744529572351,2.3293758262598403,1.1537681190531361,1.3878957702863217,1.85000298557226,1.1467314241604336
sparc_1530,run54_sparc_1530,0.9403285004813383,1.3352901874928333,0.9527905904796697,0.9963084838660715,1.056186757734264,1.0682371309022323
sparc_1416,run49_sparc_1416,2.909452814989751,4.724749922158499,2.9798906948796113,3.1993046109278303,4.482993986037646,1.935971109840605
sparc_1503,run61_sparc_1503,1.2973030327152353,1.7928894121956753,1.3296724565489513,1.4363733658936708,1.5132404482582908,1.0859838984607335
sparc_1507,run65_sparc_1507,1.7343481450819958,2.468542098515514,1.8319675212238828,1.8104500652158646,2.235310675578453,1.2572133175847218
sparc_1500,run23_sparc_1500,0.9307580246252677,1.317787460322929,0.9449385490966284,1.0114997670359276,1.098554108137086,1.0607401225405437
sparc_1350,run52_sparc_1350,1.6552312361585317,2.450321826279417,1.656229403969597,1.8508299714719088,1.9429582298918417,1.280456220768653
sparc_1426,run77_sparc_1426,1.0832303039435702,1.6246842417107332,1.0586235561975363,1.133323252284337,1.2772429291518401,1.1018342957240868
sparc_1414,run68_sparc_1414,1.1722516856101801,1.3504686348815353,1.1682571859665316,1.2363517930015033,1.2809922322802845,1.0585795779181264
sparc_1350,run64_sparc_1350,2.328621903873387,3.3682218645370154,2.4299607699534267,2.352765241988158,2.936742270144652,1.499987338875675
sparc_1359,run37_sparc_1359,1.036774377799148,1.1915663293059051,1.0462092910422152,1.0601399807453373,1.1556914245122347,1.0656613691803793
sparc_1422,run32_sparc_1422,2.3832627219661675,3.702618978059752,2.657494646523222,2.503964845807435,2.689560625620599,1.5140095575621824
sparc_1416,run59_sparc_1416,1.0060533949416035,1.1913324222121524,1.0039566012004832,1.0313800370082575,1.0829673814952305,1.0561802710890493
sparc_1400,run36_sparc_1400,0.8342887438085547,1.5344017128460299,0.8905121034448532,0.9799066609873988,1.1872941961744783,1.0721158897650953
sparc_1413,run31_sparc_1413,2.458418817044642,3.6391532008286527,2.656611324857716,2.565204514882929,3.1129777010521433,1.415445431179607
sparc_1440,run91_sparc_1440,1.0503146817766889,1.3720913194776558,1.0486346127525292,1.085682423691536,1.305657564362553,1.078123686325991
sparc_1318,run90_sparc_1318,2.149590869059328,3.2069538393364683,2.1136023237036943,2.085585472588763,2.5203436483259996,1.3683698074663893
sparc_1315,run65_sparc_1315,1.9349113019392084,3.007198838159471,1.922694518708159,2.0348120321703935,2.54069545207237,1.3811601729423186
sparc_1418,run60_sparc_1418,1.7618248512685815,2.9027981686011546,1.8309251995474043,1.953975515682671,2.2326594769128416,1.3982668036394919
sparc_1316,run52_sparc_1316,1.7986855421113097,2.4416193528364847,1.7279890984466582,1.7125044550314041,2.1023432062229523,1.1958213661207546
sparc_1525,run65_sparc_1525,1.3044794223917087,1.8172639407262008,1.2944065833912024,1.422157427778141,1.5232869666801248,1.1329732930944425
sparc_1413,run96_sparc_1413,2.084993797934236,2.8786396216995613,2.2393223327344067,2.190116364161365,2.647680450030341,1.428998818484099
sparc_1507,run4_sparc_1507,2.6725511990227275,3.5161913518815258,2.7503256637354525,2.7271637288419663,3.0009215483514886,1.5132786206771107
sparc_1308,run12_sparc_1308,1.3761113867082844,1.9867309367949098,1.4324940709726868,1.6187150812835551,1.7366351580035226,1.204280373212962
sparc_1502,run22_sparc_1502,1.4060779474160396,2.2757005559697245,1.4472441813250523,1.5213592394482487,1.9199863038756713,1.2185707164694626
sparc_1429,run58_sparc_1429,1.7066327576027664,2.621779521943381,1.7392577625958858,1.8941887067745413,1.959716947926086,1.3171044928695232
sparc_1528,run28_sparc_1528,1.1049742397435596,1.5109336798363373,1.1347352383547271,1.151905366318731,1.4332224364698067,1.116048332347288
sparc_1410,run46_sparc_1410,1.6412805875842293,2.5225458231471967,1.6856081195553332,1.6939001624255874,1.9500388468959733,1.2473003519521284
sparc_1593,run63_sparc_1593,1.0386748319705317,1.467584252649098,1.0569232689546937,1.083942737655026,1.215615945572818,1.0619367281863303
sparc_1400,run90_sparc_1400,1.1526740187328635,1.685560853995024,1.167995086647684,1.144909315667556,1.3948950904995707,1.1425443057107079
sparc_1352,run71_sparc_1352,1.4831240383015964,1.8774608071950187,1.4762569965940822,1.594823550925003,1.8867246444195123,1.2231229142422246
sparc_1360,run64_sparc_1360,2.883200067002927,5.259512582782619,2.958272838681636,3.314284728620159,3.859800728642483,1.8317507751790234
sparc_1308,run38_sparc_1308,1.2589971920716896,1.8920834863972058,1.3004823610163867,1.409049615849944,1.4826071318502956,1.169300031005962
sparc_1417,run89_sparc_1417,1.4435083958175172,2.7971567134607622,1.4833705857990684,1.5346970624358225,2.2899439866845386,1.3449995777129848
sparc_1500,run64_sparc_1500,0.9893515933082094,1.6240145369059191,1.0123194559479507,1.0343938050561423,1.3141076375315102,1.0629220986887835
sparc_1441,run62_sparc_1441,1.540759433526238,2.2217442688014595,1.5998875136584103,1.6951668313898987,2.0194814860720296,1.24705173984176
sparc_1440,run62_sparc_1440,1.5803132368692403,2.3070630416542217,1.5628680009131999,1.6698782264975052,1.985049300620775,1.2507132677524422
sparc_1515,run9_sparc_1515,1.8625570126574176,2.416979926504742,1.8929254356336258,1.8531071622932902,2.3085589829541675,1.3190326169115907
sparc_1593,run4_sparc_1593,1.8466026809297698,2.556801371158978,1.869097306724805,1.9464220320701846,2.140196392307211,1.2475165560242063
sparc_1313,run45_sparc_1313,1.7296404389223718,2.43404330019759,1.7810109172188338,1.8626369674031902,2.202623209669594,1.3172061154375208
sparc_1355,run28_sparc_1355,2.1905477746456854,3.7122966850979062,2.2522660749942474,2.185975568406983,2.5538590964210672,1.5258100189917811
sparc_1409,run53_sparc_1409,2.123541683018477,3.471236633488927,2.0757789815064416,2.3650983222910704,2.828079252790409,1.4546225612216168
sparc_1360,run48_sparc_1360,2.239103353594118,3.2548680520789595,2.291353708432401,2.5544432203473484,2.600918500289387,1.4378117185978516
sparc_1421,run57_sparc_1421,2.4078508260289624,2.911563933781317,2.362036693392984,2.437930450529246,2.7188368287611344,1.4527977230022044
sparc_1507,run1_sparc_1507,1.1644118186726486,1.662146261441293,1.1751712993973125,1.263754493896283,1.5562574594800795,1.1018583003604738
sparc_1428,run25_sparc_1428,1.7003140127160716,2.4514448352141938,1.7871663137431264,1.8375983391473438,2.191086954652344,1.2652097220684317
sparc_1430,run92_sparc_1430,1.199214333644866,1.6174546888702244,1.21144502567606,1.2439774554313123,1.383450128942389,1.0955082735281927
sparc_1364,run47_sparc_1364,1.7972039314018116,2.7312777146832565,1.786717905544669,2.0585001521910757,2.4082012200261818,1.3749081968409982
sparc_1518,run79_sparc_1518,2.6141647537079034,3.3884435305104414,2.8592743437956365,2.745859796821147,2.9084237807835165,1.5145481873241566
sparc_1418,run15_sparc_1418,1.771106168659518,2.7984295634936487,1.91605716115236,2.0278289077003016,2.622039894089663,1.3075736533615663
sparc_1306,run24_sparc_1306,1.811276836597293,2.227866681174626,1.8026561134304468,1.9893148795983937,2.2398604701838103,1.2358189362610092
sparc_1430,run95_sparc_1430,1.1027603233691456,1.5602630846875782,1.1065671597528226,1.132788590571696,1.2750749295824213,1.0849553539174497
sparc_1593,run96_sparc_1593,1.168796013921823,1.5883323494785042,1.1520528755059531,1.221835741454197,1.4803862495791003,1.1201925380011422
sparc_1319,run2_sparc_1319,2.486119468738797,3.5373941397176156,2.477347491601002,2.663450564142405,3.3926635686953825,1.5208553131207034
sparc_1506,run84_sparc_1506,1.3503160605309439,1.8513306655438424,1.343586369242178,1.466755016842615,1.5932009427984921,1.1172226446790845
sparc_1516,run2_sparc_1516,1.7402503425183216,3.0822846998407103,1.840097369440289,1.9955986839695825,2.636585103616711,1.508570697865599
sparc_1508,run3_sparc_1508,1.8742266237214407,2.6172986210502454,1.9207642638586246,2.110539028104928,2.290564687063261,1.3692162205904115
sparc_1406,run2_sparc_1406,1.1699794447249254,1.8549259594706093,1.182482975719298,1.2280762977932465,1.4494826202447482,1.0858221963770338
sparc_1414,run83_sparc_1414,2.6034456319359762,3.7582252871915443,2.5692959406880935,2.6786602732022566,2.9993096487049034,1.4996285186692355
sparc_1421,run35_sparc_1421,1.652936669399436,3.2268311417845488,1.7062603245290402,1.8943558053994256,2.0142346252413668,1.4152730705534464
sparc_1415,run50_sparc_1415,1.7706513769413124,2.37612431662961,1.8022188731776991,1.8010743249694434,2.445922884637705,1.281941423948505
sparc_1319,run41_sparc_1319,1.346253599638353,2.2680723043223736,1.4038840896410103,1.4858966665416797,1.7740476619831183,1.220518050540671
sparc_1505,run95_sparc_1505,1.2602781560615646,1.8652834722992124,1.2798574345125509,1.3041304489400671,1.5760247779441625,1.1521753679991227
sparc_1400,run70_sparc_1400,1.2488915989972547,1.5555376305643926,1.2808269934099106,1.3625408524459868,1.3081303829686146,1.1005564899863063
sparc_1426,run93_sparc_1426,1.63556020179864,2.0940149876007523,1.6715137835183,1.6163171821723088,1.9699223283796496,1.1595718960829047
sparc_1356,run94_sparc_1356,1.8184758105526442,2.6708535010867074,1.863942183736315,2.1134440131333627,2.219075942414614,1.3412709061390142
sparc_1509,run2_sparc_1509,1.9861556826370226,2.7022673458244357,2.16213315115468,1.940482744984112,2.318295406653377,1.3646475947532217
sparc_1426,run80_sparc_1426,1.0767730149608692,1.3760833224130389,1.0950957266072858,1.117316448824896,1.2913981881896466,1.0912840070649645
sparc_1511,run98_sparc_1511,1.039167916866587,1.5687137001740308,1.05457388180957,1.0834357942603887,1.3582831385692486,1.0970560599055241
sparc_1403,run37_sparc_1403,1.8291747301112857,2.1732596685327015,1.839200863737666,2.000854298454647,1.9033814877142992,1.2265050776834334
sparc_1365,run65_sparc_1365,1.7763054793107753,3.279017006011252,1.8811630624571367,1.9625618794346453,2.331711489834395,1.4474121327943366
sparc_1508,run57_sparc_1508,1.2803467996494853,1.8575515294213116,1.3138383115467258,1.31125119778169,1.591275466616145,1.1475473182375664
sparc_1305,run22_sparc_1305,1.3529408674448105,1.7384018669001342,1.314003731267281,1.3660308263528136,1.439873715408027,1.1735048599087365
sparc_1523,run5_sparc_1523,1.797294591515029,2.769693522179065,1.8968239304341723,1.9610062214532875,2.43930200957775,1.353636585576664
sparc_1518,run4_sparc_1518,1.6906829023897698,2.69058118056696,1.7465058831449745,1.8217640946050915,2.494490456625351,1.3159725595486091
sparc_1517,run68_sparc_1517,1.1750767292058304,1.49797433440587,1.1934540553911739,1.2023424585542302,1.3783020605867096,1.0330944031342009
sparc_1357,run55_sparc_1357,1.8836324943161744,2.8403139072806627,1.8420109372737803,2.3007032564455705,2.695835386746055,1.2991563831709247
sparc_1302,run67_sparc_1302,1.4308697367752603,2.2274110133496037,1.4995924637000606,1.4831187575375353,1.870917145426753,1.2723244013898891
sparc_1350,run86_sparc_1350,1.7427300606672624,2.4463326248430515,1.6300065593153088,1.8519365081240022,2.2481651281367445,1.2930880347679712
sparc_1400,run75_sparc_1400,0.9447716668951347,1.3283630432605817,0.9499031814588771,0.9661485634877436,1.1156902404101512,1.068271833663546
sparc_1520,run11_sparc_1520,1.6780472965256117,2.592198277819518,1.7536282189867718,1.8875069619968337,2.1532626632470806,1.1931810789275992
sparc_1506,run50_sparc_1506,1.7352084941712542,2.513492599589794,1.788992960076961,1.8807312449718796,2.2752947423398298,1.28225420774093
sparc_1593,run74_sparc_1593,2.8184376936107496,3.5223821002610274,2.7833030084683834,2.8252368893880373,3.040339790260039,1.5367524480041646
sparc_1407,run13_sparc_1407,1.7888287382022192,2.8240696575776796,1.854122688292001,1.890037364146465,2.323359409609005,1.2861013264897572
sparc_1350,run67_sparc_1350,1.9787656653035468,2.872211154163224,2.0225200008138002,2.228491527234587,2.415800233212017,1.3751496015931892
sparc_1519,run72_sparc_1519,1.9236125847545,3.0627457408002505,1.9281318442469082,2.44659146060999,2.784288869028494,1.4583821631329446
sparc_1524,run97_sparc_1524,2.658479206364171,3.8587905880289313,2.7439844080802294,2.9482385404084885,3.4356073631103796,1.5280177382932403
sparc_1313,run91_sparc_1313,1.2134176234196499,1.6937517314560468,1.1989764543911978,1.251700155746021,1.478315330177323,1.1438525901396852
sparc_1305,run87_sparc_1305,1.7868227594168562,2.272447032452293,1.7375775013441608,2.0759005504917805,2.235022216851159,1.2644082992430277
sparc_1503,run11_sparc_1503,1.8582225220786885,2.354410432298896,1.9641181726391999,2.0439418835009637,2.213745797938983,1.2762612593761349
sparc_1317,run37_sparc_1317,1.0493740059004526,1.2566865233923323,1.052646624646455,1.0583280199861906,1.1635639972357454,0.9978010798789626
sparc_1508,run30_sparc_1508,1.5696208554563615,2.1240323113714057,1.631660916199467,1.630985799947513,1.9831847519743868,1.2084796716780244
sparc_1419,run51_sparc_1419,2.580811437704888,5.443780841387841,2.6764540978548803,2.798399219291325,3.4530813192621883,1.9083675012719488
sparc_1319,run40_sparc_1319,1.7065028980628967,2.9942387083977553,1.7055152226663235,1.9373618793861733,2.7919829219892813,1.4141638242068553
sparc_1352,run75_sparc_1352,1.1473418391587966,1.4590277775591758,1.1795725362670815,1.1964784669273922,1.3910738402981382,1.048868508859935
sparc_1526,run21_sparc_1526,1.261376712053778,1.9535707319127715,1.2976327997223502,1.5056248526451705,1.9103842376385183,1.1514056480420756
sparc_1519,run80_sparc_1519,1.4205804616775828,2.0518144994494945,1.41844987582054,1.519972258922488,1.7359664419962435,1.1847701150638599
sparc_1440,run46_sparc_1440,1.7422574653912866,2.529378310041056,1.7366046170762648,1.7845996857023123,2.357748907186678,1.3045714540293014
sparc_1357,run4_sparc_1357,2.124438571034945,2.7682401172295887,2.174546057784439,1.9681637271544024,2.6561366436388205,1.3035623677549681
sparc_1441,run65_sparc_1441,1.1474624049641253,1.668853280464165,1.1746380221646548,1.2433900793543116,1.4815603503573018,1.1223254292452276
sparc_1509,run61_sparc_1509,1.234690599387183,1.5559104056461037,1.231870418012458,1.2871895824646649,1.434658735361022,1.0535424499851944
sparc_1314,run40_sparc_1314,2.028483732106267,3.053314593926352,2.084909834930533,2.2307904417771507,2.7121430244180544,1.4228646372696394
sparc_1358,run57_sparc_1358,2.29146603246585,4.228866878912317,2.430154725168605,2.503621311822779,3.7205574655979556,1.6761586702512234
sparc_1414,run45_sparc_1414,1.703696154272789,2.4151994061738176,1.6979132903383485,1.8434886659166032,1.804560222713608,1.224926063807786
sparc_1413,run39_sparc_1413,1.5421265476185155,2.4959313609971834,1.5589786820177276,1.809164971889707,2.0085134938678983,1.2834068934032674
sparc_1526,run1_sparc_1526,1.0989898622660046,1.7315882154069733,1.1028805836943505,1.171542996380078,1.268463898063409,1.0685489269536457
sparc_1509,run83_sparc_1509,2.2171562803501756,3.0517170859153526,2.1616707882557917,2.531118706369587,2.9978851315814348,1.4508284842220174
sparc_1423,run38_sparc_1423,2.049368451530595,2.9696848865381704,2.03196073790512,2.1290347610701685,2.663549322475664,1.387003055773573
sparc_1525,run73_sparc_1525,1.1520465443302865,1.498832807656364,1.1517244798869521,1.140557257424867,1.381191784348303,1.060279300387158
sparc_1401,run2_sparc_1401,1.070273167389676,1.575580572305082,1.0707249876670406,1.1134591635281774,1.3200617703982227,1.0599832862444287
sparc_1406,run28_sparc_1406,1.0234323477265495,1.5571905639063621,1.0412137280193732,1.0857655215888555,1.2680777504256429,1.1206011309800443
sparc_1401,run11_sparc_1401,0.9996930982539927,1.5644364534759265,1.0054768541609962,1.0463627570707676,1.2727593765892808,1.049722931924895
sparc_1318,run95_sparc_1318,2.205131810862499,3.9420005439725516,2.2905257026818764,2.5622531971667053,3.1403907536463835,1.5227393125666515
sparc_1425,run39_sparc_1425,1.786784690719586,2.3126820320261956,1.8439990000823578,1.9686212780779557,2.055162432758062,1.2711480732420029
sparc_1403,run58_sparc_1403,1.8163150118554843,2.533838298024,1.8936815780644427,2.1456553022708067,2.4322792575387995,1.3368043532127631
sparc_1406,run39_sparc_1406,1.454900996704145,2.4990842858264095,1.509402931887574,1.5877057548665852,1.965482973086724,1.226572717395864
sparc_1355,run94_sparc_1355,2.0120633782363044,2.9722282887578952,1.9450815692163024,2.1233841676736267,2.6508041456044,1.2851278712869507
sparc_1365,run42_sparc_1365,1.7639158775355057,2.7316257802818695,1.7462315027062691,1.8238857348285644,2.3641764384613526,1.2973480641266895
sparc_1409,run22_sparc_1409,1.2930661529531102,1.5312693020815205,1.3042828479272717,1.3513112806433483,1.5001140465389196,1.0744056534009179
sparc_1353,run72_sparc_1353,1.902536870376618,2.9090960925331464,1.9694519263275834,2.1399812970208654,2.724557064926915,1.4326627391937188
sparc_1363,run96_sparc_1363,1.943265830363045,3.1629845903314817,1.9930180311074661,2.339342809850834,2.853140347158546,1.3477872157116129
sparc_1353,run40_sparc_1353,1.9261523929671442,3.2640283101591647,1.8062705334263265,2.0857419175672685,2.7786692774605815,1.4632305089780024
sparc_1400,run37_sparc_1400,0.9041140347812644,1.2930678679785628,0.9167374214946304,0.9601496757145231,1.1696509460020883,1.0313944243107187
sparc_1315,run35_sparc_1315,2.248715392732542,3.4276626072557317,2.2791191699882467,2.481705645271674,2.4328484288206216,1.4586664265735823
sparc_1353,run55_sparc_1353,1.8585202508922931,2.9400931636236587,1.9366548585247816,1.9005033792663588,2.3543550399228055,1.3982686795261292
sparc_1520,run37_sparc_1520,1.032928404218496,1.2172815855723802,1.03593278399263,1.0511045739074276,1.1493664471874148,0.9886080790443281
sparc_1317,run20_sparc_1317,2.0028994668123663,3.2393391855743654,2.02789435819855,2.1626823249574025,2.5856433630907056,1.4260015555625563
sparc_1427,run66_sparc_1427,1.2218272548825564,1.6464116160479045,1.2436758035937434,1.325251397047594,1.4221254122097762,1.0749294443233723
sparc_1364,run37_sparc_1364,1.0405348038760638,1.2342822639088087,1.0510868869364445,1.045065303261807,1.1361347051605462,1.081597988632934
sparc_1302,run90_sparc_1302,1.0423035380254588,1.4202689100197847,1.0499294864477415,1.1012307622222919,1.2607230790075903,1.0548012557760749
sparc_1504,run71_sparc_1504,1.715995147297867,2.750561819101911,1.6978136864849664,1.8299080779143126,2.2061153130327344,1.315418213958618
sparc_1401,run91_sparc_1401,1.1111291224999669,1.5344285897310397,1.129841539465729,1.1655572013789008,1.3133994479097386,1.1083124689998314
sparc_1306,run19_sparc_1306,2.0436794457129888,2.6079887705954814,2.1305818982382494,2.2439094634934533,2.344792162865561,1.3061973723752018
sparc_1304,run40_sparc_1304,1.1956195416714472,1.565779886670885,1.2132888600572207,1.289714196822598,1.4060861378108875,1.0679428168449265
sparc_1424,run43_sparc_1424,1.18335916041348,1.762946710660697,1.2380786676652942,1.2162099304345189,1.626771848886604,1.1289953284070122
sparc_1423,run3_sparc_1423,1.3086401495065245,1.9339991324062207,1.3221516223661693,1.3495851681211004,1.6889635532900913,1.1722062902738182
sparc_1360,run9_sparc_1360,1.7084910452505655,2.8009118722007385,1.7681599174874019,1.794997109802775,2.12050283144324,1.3687800064413111
sparc_1413,run85_sparc_1413,1.135164742651509,1.4515670966005052,1.1798638146026554,1.2048184659300327,1.412590713897608,1.049180648455134
sparc_1440,run92_sparc_1440,1.1509950463020435,1.7784753577321544,1.1706496184981772,1.2108292726864962,1.5285519386410884,1.0866067014236982
sparc_1500,run25_sparc_1500,0.9623382753324149,1.4247785230762045,0.9669929080232584,0.9901435407670618,1.1683068342349285,1.0806177781910573
sparc_1514,run78_sparc_1514,1.9071409493655365,2.333913314970638,1.9158701444440462,2.0390103281424814,2.3050535017191978,1.2725886799208401
sparc_1309,run92_sparc_1309,1.8958173532323568,2.826932199376328,1.9817301097212656,2.062325786737822,2.724611267945895,1.4183974568441018
sparc_1306,run21_sparc_1306,0.9850585720079543,1.7330014486328622,0.9905537744788632,1.0167773889564755,1.2032385672320978,1.1096485274054795
sparc_1414,run15_sparc_1414,1.838936060711327,2.9620418363299073,1.8847687393208954,2.0549754262932893,2.3274384361656812,1.3881531265530682
sparc_1519,run38_sparc_1519,1.6380066196110357,2.5525696122526695,1.613950375256138,1.8650511148958548,2.1553522400013874,1.3854219738302522
sparc_1425,run88_sparc_1425,1.1590118650949797,1.838624236361023,1.1808293921057333,1.2639550558470007,1.4055455204199812,1.1614594147505943
sparc_1411,run43_sparc_1411,2.062082987808193,3.2817654793812108,2.0973203016396593,2.4705667342356854,3.153208226363849,1.419907816190087
sparc_1426,run31_sparc_1426,1.1401673582113439,1.8132837491821032,1.13329129585834,1.2902786046161938,1.4746292780083985,1.0758939944886252
sparc_1354,run9_sparc_1354,1.6073732241040826,2.6093468129406516,1.6825307104406189,1.9629462243447797,2.046260162302817,1.323688538185323
sparc_1302,run79_sparc_1302,1.0680602928365797,1.534058629255033,1.0840105878843476,1.1364747786269906,1.3578025572687922,1.0599439206377925
sparc_1363,run29_sparc_1363,1.815022128677936,2.7746431945331174,1.8252474106483372,1.914031722155144,2.148728623657345,1.380813242899549
sparc_1504,run56_sparc_1504,2.1687227836180387,2.6787165466098597,2.08561055781523,2.1604142658643917,2.669215690993193,1.3319911622746177
sparc_1429,run16_sparc_1429,1.2355436422489363,1.709245727684587,1.2462315103858708,1.2519840907367121,1.5624104446140392,1.0994731003721756
sparc_1363,run49_sparc_1363,2.0627841618948333,3.9892838840673175,2.0776658137977697,2.3781300352702166,3.2066576981346224,1.6285415741655722
sparc_1306,run41_sparc_1306,1.5804446866106154,1.9573111852506928,1.566125610370565,1.5876746085535178,1.942765444898982,1.1463192442108632
sparc_1310,run92_sparc_1310,2.0476649127227953,3.2084726520855984,2.1427360732252723,2.1896187434747287,3.061409650697044,1.3531794915393796
sparc_1310,run69_sparc_1310,1.529652917170106,2.6452549881210743,1.5849110920093323,1.6578788705852197,2.172157580840641,1.2965841423036724
sparc_1359,run16_sparc_1359,1.4009940173540771,2.2257865192474524,1.468450583095696,1.484801824210307,1.8956259647707037,1.2082992939435748
sparc_1316,run76_sparc_1316,1.7124135331801893,3.0432077238294752,1.7106522353437612,1.9344507006925142,2.4436367176524585,1.3899336896001568
sparc_1308,run99_sparc_1308,1.4859517405299998,2.6417902983123467,1.6002179644258177,1.6672420579073068,2.3132129265368646,1.3259626817425878
sparc_1414,run27_sparc_1414,2.197064031024365,3.198091597794062,2.313669497373407,2.172370167644706,2.863541999047138,1.4041162568297527
sparc_1520,run46_sparc_1520,1.7531760492011337,2.734960925786579,1.7006729627528456,1.9876407626227774,2.022637730859343,1.2920954666515196
sparc_1355,run61_sparc_1355,2.1706186503787555,3.6472909958873663,2.229426698725117,2.302799082851003,3.0969498278203202,1.5519990141815465
sparc_1509,run64_sparc_1509,2.2002775588778847,3.353110292827857,2.099980510900487,2.4592894137369044,3.3239408330200413,1.4578045191563231
sparc_1515,run60_sparc_1515,1.6962859041306066,2.511095921869701,1.7343393757802417,1.9490330306309058,2.4730954790113016,1.2765223628514937
sparc_1518,run96_sparc_1518,1.913504636276733,2.842154342197535,1.9169048592699505,2.1897976114742743,2.575766372406649,1.3242964775545698
sparc_1314,run45_sparc_1314,1.7903231173708793,2.3142146978155593,1.747544593725054,1.8893795202593415,2.1818924290928847,1.3152320186538868
sparc_1525,run69_sparc_1525,1.765147117796759,2.4892207430889473,1.8266721384584355,1.8148556851276654,2.357268062294879,1.3033565995828211
sparc_1509,run67_sparc_1509,1.862951772432533,2.6416090510280648,1.8717262506853234,1.9128434030804597,2.3912440233678613,1.352065795410617
sparc_1357,run78_sparc_1357,1.696257116585961,2.512453838202038,1.701207517127794,1.9236128916914583,2.2212320065547195,1.3084935794572983
sparc_1405,run84_sparc_1405,1.1182207374552398,1.7698469557935919,1.12202800822115,1.1811178387900187,1.5121633503536775,1.08842285379941
sparc_1317,run96_sparc_1317,1.8516493053303034,2.951113151486212,1.8026004971079275,2.117217080238507,2.7139410003306357,1.2916137742309002
sparc_1512,run81_sparc_1512,2.1631938339535077,3.2628368205797726,2.2555233885696304,2.4825582501358774,3.0733384517273437,1.526489554798838
sparc_1364,run14_sparc_1364,2.3049817148908223,3.076294667626531,2.3737212538996837,2.5514394595346297,2.72740881324503,1.5459679316384487
sparc_1305,run89_sparc_1305,1.9295027813216978,2.0994105706648756,1.9785558058760961,1.8684080696905254,1.9191585529244566,1.297727740943123
sparc_1305,run71_sparc_1305,1.8422658576842856,2.6509624489135137,1.8461829487521781,1.9625310772938378,2.531683543260961,1.3100166577634764
sparc_1315,run95_sparc_1315,2.284735887515446,3.5231306760006276,2.2441741744921964,2.5643046567463257,2.9409338021260605,1.5128310940969611
sparc_1429,run94_sparc_1429,2.1533006437363835,2.6111223278317874,2.2025874333080573,2.33790891918473,2.6047382533626995,1.372006742776629
sparc_1523,run87_sparc_1523,2.086156233661943,3.1587572375536515,2.138770804915068,2.220013870530442,2.736418592669715,1.3909586800099778
sparc_1511,run4_sparc_1511,2.0033317070175323,2.911121639084864,1.9943693670566984,2.0915427440901526,2.477578061024489,1.4208106672330478
sparc_1412,run67_sparc_1412,1.972637903918942,2.8676136158259,2.08085300242578,1.8504177700343467,2.3069414340770873,1.3435804894685317
sparc_1429,run66_sparc_1429,1.0332734966333754,1.4414858199339056,1.045478352533101,1.0643167120623462,1.2612281100859308,1.0684417233630832
sparc_1358,run84_sparc_1358,2.1182595290494537,3.621757092685371,2.224758841192179,2.1251563992459808,2.946555908303947,1.5370520342832708
sparc_1365,run54_sparc_1365,2.064357821062324,3.600529334510844,2.1564931006872166,2.17854059747748,2.723025082096723,1.4412800162859702
sparc_1301,run15_sparc_1301,1.094951235613811,1.718853266250324,1.1033382854685538,1.1427333556132144,1.3949761107567717,1.1171234436308128
sparc_1319,run22_sparc_1319,1.899054669230815,2.5611499516898646,1.9132542510099926,2.0041613274148777,2.398419235593109,1.3511950157019808
sparc_1406,run34_sparc_1406,1.111253609086324,1.4551445283724376,1.1421315778418222,1.124028039002273,1.3440129725342402,1.056973551237405
sparc_1523,run36_sparc_1523,2.482956730805338,3.1433185230089844,2.349920317466519,2.387915281171315,2.4061330319499863,1.4229254168045071
sparc_1307,run84_sparc_1307,1.4420241658972333,2.3512437211920383,1.4693157805888595,1.585523647262795,1.981072892837376,1.2562678492256762
sparc_1516,run21_sparc_1516,2.0793599686353677,3.1357763306596653,2.088218397759099,2.1043813521470978,2.7874778342639805,1.4269668587485194
sparc_1359,run25_sparc_1359,1.4120908586051821,2.51900750709672,1.4797058476395286,1.5668681049889424,2.0531643172670027,1.2062311864601518
sparc_1305,run26_sparc_1305,1.8508484950472093,2.700846464170954,1.7987847199077913,2.012868245034034,2.549220944435207,1.315896123761273
sparc_1318,run1_sparc_1318,1.7903081392868894,2.6645092956144247,1.8596409398091804,1.92273648092182,2.284069321340497,1.3260522074763414
sparc_1353,run88_sparc_1353,2.152109809665022,3.3830084182955247,2.184725858765994,2.473528271537304,2.8344800963220727,1.4056194287167547
sparc_1515,run76_sparc_1515,2.3618196816003185,3.33513329902977,2.4174264261850658,2.381397253882707,3.0696508398946905,1.4103541304458949
sparc_1308,run45_sparc_1308,1.542974475375788,2.388481976040306,1.6561020593142959,1.6921540058537525,2.099237026506251,1.3067547119567042
sparc_1306,run27_sparc_1306,1.5038153526204108,1.8488732608890122,1.4892618834692315,1.6372352727750004,1.5467076878060462,1.1497224553748606
sparc_1305,run82_sparc_1305,3.0436993760423943,4.290466335438575,3.164453066825187,3.4703211496428774,3.878809458726873,1.7780275759964883
