eq_beta,eq_q95,shape_kappa,shape_delta,mode_m,mode_n,gamma_n1_r00,gamma_n1_r01,gamma_n1_r02,gamma_n1_r03,gamma_n1_r04,gamma_n1_r05,gamma_n1_r06,gamma_n1_r07,gamma_n1_r08,gamma_n1_r09,gamma_n1_r10,gamma_n1_r11,gamma_n1_r12,gamma_n1_r13,gamma_n1_r14,gamma_n1_r15,gamma_n2_r00,gamma_n2_r01,gamma_n2_r02,gamma_n2_r03,gamma_n2_r04,gamma_n2_r05,gamma_n2_r06,gamma_n2_r07,gamma_n2_r08,gamma_n2_r09,gamma_n2_r10,gamma_n2_r11,gamma_n2_r12,gamma_n2_r13,gamma_n2_r14,gamma_n2_r15
1.309581912082906,3.3296704565847604,1.7556541311278977,0.13621814333377139,5,1,0.9965541177648696,0.9087120643374751,0.8145882894278729,0.7406245434712324,0.6651005339856704,0.6088422727507811,0.5620874788617577,0.5050940772910445,0.452909818550833,0.39973951366914545,0.37140699631061797,0.35365229876298404,0.31982103227554004,0.2661817149826494,0.21391596978662455,0.24793191625192396,1.2284008613578459,1.094363276562045,0.9804146095242874,0.8970966209192042,0.8138973002021288,0.7365251631890091,0.6623968110988486,0.587237056879447,0.5205377027039048,0.47738115053417585,0.42831373616001367,0.41302385300633065,0.36628772018376027,0.32905935474779574,0.3021060935448676,0.2895505813572595
1.5689807641735072,4.227809437072353,1.7098933044553473,0.3265921881853877,3,2,1.0063977846201124,0.8824912710130428,0.8194578684450713,0.760411874678824,0.6401045886649854,0.6017067519466484,0.5472195485646412,0.4843263992548543,0.45678981428521037,0.40563546131660483,0.3459095913141315,0.3452887718754493,0.31123424725951704,0.2867194199201238,0.26820592513949554,0.22856381520365493,1.201789112255252,1.066317380372183,0.991708551884303,0.8798054810239059,0.7975935267484848,0.7088649750406404,0.6440597484046692,0.5879355481604535,0.5585273200868058,0.45740671097698893,0.41958974610204786,0.40303556688331316,0.3830833006069899,0.3357156058964374,0.26741720757594856,0.22998266972764722
2.554811966524287,4.065275426517821,1.5700540097126976,0.43432635794209407,1,4,0.987320341599619,0.9210858755103026,0.8082140542795062,0.7412351955976343,0.6645960563905055,0.6304177974621509,0.5220107207478575,0.5166034774338141,0.4402822475394369,0.40676825853481635,0.35801508154183276,0.33988340988556887,0.3115753497413077,0.28459817231336065,0.2242726208093909,0.2158424785962819,1.222646525487781,1.0838746169767468,0.9745358881093446,0.8963976468310618,0.8118342857784038,0.7321164514618783,0.6573034220979505,0.5939409596750899,0.5438372419074768,0.4795746916681293,0.43977790781511306,0.4076937310912934,0.34133790192820185,0.3226005480674829,0.2926703359490684,0.27481348093862484
2.6480048730129644,7.726231723254622,1.7584765246014302,0.4698923738822076,4,4,0.9879596697884554,0.913810347312829,0.8036604241097843,0.7425757219999624,0.6861270505903202,0.6469056866274856,0.5420704856991994,0.4992236479404643,0.4437075818895907,0.4024461092740559,0.35088858542915585,0.3252913034092127,0.32082847074156423,0.26600854659830786,0.2558560584291542,0.22750960469247924,1.1848374849092125,1.1007349677440765,1.0020538960423508,0.8833565985647793,0.7970551316107586,0.7290376678142314,0.6172907993338239,0.5990031996502627,0.5263242802358047,0.48947706005135916,0.4568656337447614,0.41908628875108306,0.36039582185940466,0.3099501415832191,0.2894786882564892,0.25086183751826313
1.0130375167538517,7.736115209053573,1.5532267213063073,0.4450337929396794,1,3,1.0296534191434275,0.9008072718571103,0.8148605424592089,0.72980925008896,0.6642502727471388,0.6132690049915336,0.5513536043791508,0.47826079797529514,0.4517645770762242,0.39337656505476315,0.3724989062087725,0.3598818808924212,0.3304167019530967,0.2697557546261691,0.2561577865680134,0.1971282082509893,1.1993159983135668,1.0750696878260597,0.968501880694123,0.8874266772070218,0.8078958248176523,0.7284834037348074,0.6564385363430676,0.6073231984465594,0.5259223810125588,0.4527446178874358,0.40810304008145526,0.4109281358310239,0.39868395879071955,0.3242331235434368,0.2889335510085918,0.27571325443914996
1.0671145668268198,3.581883898806245,1.4430613542933561,0.4120331987189091,5,1,0.978357750672135,0.9076442480620569,0.8206684039615214,0.7348090088102462,0.6527932553375727,0.5786869136129743,0.5538473063214866,0.4721163972647596,0.44001138743088636,0.40786394153606453,0.37116259599053664,0.3197894309005132,0.31376539911175816,0.23451221021985053,0.2345410119194981,0.23238039629846496,1.2227621031016247,1.0778991943192724,0.9862436363807389,0.8958338993823264,0.8233170149583671,0.7542959726020891,0.6615052335447937,0.5879953833679199,0.5586350725824722,0.45060864833924413,0.43378872949102704,0.38781096460510955,0.3538532630177179,0.3246456902664014,0.33565039770550203,0.2713215550151136
2.1241866741845765,5.396195759044805,1.9535373635401987,0.3169047183787428,2,2,1.010215906019532,0.9066530536482487,0.7932529039056082,0.7406322148706095,0.6616776894505617,0.623234732345184,0.5514953430225644,0.4919945659054118,0.44730210047066576,0.37460342837968796,0.35347670228401223,0.3093762909873295,0.27324525128101346,0.2695775181180122,0.25232293101514036,0.21762777940917774,1.2103713265775624,1.1004317835169437,1.0005832027505837,0.8703692596624274,0.7842409679025039,0.7114788128533881,0.6634536970976341,0.6026012435234267,0.5336283340610213,0.4827152150399035,0.4624830154509525,0.40804020181700146,0.3445359368960353,0.3237348622715469,0.301066654315814,0.23709900536663664
0.6420564250740095,3.552183721386223,1.3295392262979058,0.14887263665986802,4,1,1.0020774933768928,0.8717938874050402,0.7993745601233359,0.7480284856471657,0.6523588710343371,0.6059037156302606,0.5430155973465118,0.48117894230074565,0.43259697314589923,0.40301842771946783,0.3895775839770749,0.3245160426675737,0.32676218425886033,0.24745246663127746,0.24544000010309305,0.2423032067053612,1.2269116724769447,1.0757837772564272,0.9874514034547215,0.8947792386279929,0.798943271335048,0.7299076261393149,0.6589175857787789,0.6017377157131868,0.5264686348422364,0.46491563290691584,0.4483880089772289,0.3942077679802357,0.3567764399446682,0.30549470892733976,0.3152648108585989,0.29205653042918933
2.9188619566659595,3.7077330694105584,1.9667528902432903,0.2991284373586359,4,2,1.0282957126510672,0.9030342573562236,0.8271487057218194,0.754356855339856,0.6567335210872087,0.6051942226952385,0.5532036619273788,0.5089660773903402,0.4488109523634421,0.40363955500959486,0.3526383002702505,0.3274864560356255,0.31456929874111966,0.2740579412894579,0.23380153724807648,0.21050609882366916,1.240000197379434,1.102903316014256,0.9920378353179088,0.8500880813467016,0.8137062788044187,0.7350471941617368,0.6838354176519963,0.6023187772286169,0.5381824320326286,0.4957202557851925,0.41229220270928674,0.41494409906423874,0.3663063273960547,0.3165070821011476,0.31579994146509743,0.2948962852004504
1.9264873134831346,6.352295956006398,1.3626235454927653,0.12876325622047316,2,4,1.0093941546811125,0.89757749110981,0.8251546303273605,0.7415001337955545,0.6689596815224118,0.6270190753618204,0.5508395926167705,0.5081654395361679,0.4509788442989714,0.4081520547091259,0.3834705121001429,0.33231304156637764,0.3192250566085294,0.26193352737918113,0.2693197217853569,0.2294548280531027,1.236623153594392,1.0708035624709737,0.9817687813766881,0.8984386512539669,0.8236135641448455,0.7191174927960824,0.6485828475017421,0.5939257189403347,0.5180845954205929,0.49538096150297267,0.43797486571943706,0.42628721054179125,0.36554668301193,0.3268959119529415,0.313602502355233,0.2698138746188844
2.9451290665093155,5.3282920130430425,1.4719756637085228,0.3235277746106734,4,4,0.9698646246836514,0.8958958928501938,0.8313736137563505,0.7384321755671495,0.672671227569202,0.6171057563873965,0.558647696707837,0.5259904003646556,0.4482382801492292,0.39841284668265986,0.4102698115465957,0.3300538122920745,0.3025153472367488,0.27036025652128404,0.2248231225067823,0.20123330491459218,1.1954076487326144,1.087939849550614,0.9750178645834906,0.876328039031029,0.764510471136143,0.7263472038934718,0.6398289442041318,0.5825019199701619,0.5484140496980101,0.49057696861040384,0.4413028354097714,0.400714129166354,0.3526274447971013,0.33713545293229064,0.3091192589383188,0.26650072646501205
0.5861168087584294,7.353137144465101,1.452506100010937,0.19147894382875005,3,4,1.0104843363825011,0.9109395949725659,0.8124224829688431,0.7314069709557093,0.6713944679476789,0.6000725803511715,0.5522302538327188,0.4889557317681616,0.43649428205573565,0.3987819156812603,0.3613907324675476,0.3529934309763341,0.33372214514272525,0.2916263326453707,0.25186131148199925,0.2161868659291419,1.2205268116453891,1.0694235024052399,0.9615260212193286,0.8744415709168646,0.8011756135571265,0.7106198247084535,0.6541352957759206,0.6162538425738975,0.5563902386943981,0.5099807494712926,0.4375314576953124,0.38188520676896026,0.34038859502648705,0.3370631808855242,0.26302711929795547,0.2666106789927114
2.382167896337268,5.626637247146343,1.8690337744599157,0.10803987989727079,5,2,1.0037745757196062,0.9070726324139702,0.7939906470602971,0.7119909809628617,0.6585800334038038,0.618034325772082,0.5515895899799557,0.49750299771225204,0.43831342264578693,0.4043645819527855,0.36644474871404387,0.3493844020216278,0.3326980880697277,0.287383366894469,0.2518741227395761,0.21918646634123523,1.1755067216487471,1.081769188678718,0.955540858248833,0.8934463954600401,0.810616617242853,0.7188049128862464,0.6590135703241219,0.5850464307148966,0.5293963151455332,0.47440925396690165,0.4448410748680788,0.3944989236476039,0.3718765132849977,0.32045340537479555,0.31623961527539185,0.2739034086289269
0.9957253127819263,5.798378998866959,1.532241058183895,0.4257671808571266,3,2,1.0052903672691647,0.9052527492866873,0.8160950594344604,0.7630598266630715,0.6623213005043116,0.5854885705999514,0.5442200006630166,0.5140772130658611,0.43293098309522715,0.4102715324279612,0.3912328419990038,0.3543915913498361,0.31419613620726106,0.3119151651859456,0.24919285744339392,0.22203102475117925,1.1731436500061345,1.092885866411917,0.9985373232468522,0.8857198728619106,0.8031799931869411,0.7380609088008965,0.6682956167932371,0.5924428226214651,0.5319643854675958,0.4838211082650501,0.404818190090424,0.39386281160244585,0.38012150647327103,0.34760375159917944,0.26464880818603675,0.2660365475021061
2.258342596985186,3.7726098167775843,1.9283939869202797,0.3430703282135744,1,2,1.0174456058536405,0.9052310506856998,0.8066161233951349,0.744690618440917,0.6790519203982484,0.6171816950090142,0.5372239502190952,0.52287289490333,0.4743305809202226,0.40684322397933315,0.371908331358886,0.3264434709850419,0.32240613717352895,0.2619575764421846,0.2567083955963768,0.21593476368282433,1.1895899311222502,1.0965848737438761,1.00248423601581,0.8888300680777212,0.794222587796608,0.7400090310093017,0.6578313129946785,0.600561852144154,0.5620377728721809,0.5048579326726893,0.4336577697689943,0.43369900321112304,0.3614830765116191,0.3388276212225777,0.28620596050643937,0.2670862560609342
1.4333732125375915,7.758908956144839,1.9189865888678126,0.5059811337353861,4,2,0.9990920001397946,0.9001460010925385,0.8169134008420449,0.724495585635717,0.6706816691641709,0.5849607505036192,0.5477394584551255,0.5012165082136475,0.45634311071780637,0.4030938683307017,0.3543237392314416,0.33526466887271794,0.29392456368777076,0.2960193206503211,0.25811279775154833,0.22140224850696005,1.1929328168501536,1.0752646652052003,0.9684185186751876,0.8836876342180637,0.808805607002495,0.735569672023097,0.6671068349896367,0.6273826035311447,0.5286219410584063,0.48807787194309477,0.4833745819321985,0.3714393287109591,0.3536107629349203,0.3295819177514522,0.2982322395035384,0.2738741950965652
1.3548880844539792,3.001018868804593,1.467388606502218,0.2291787840774597,5,2,1.018957665427614,0.8885947735659459,0.8054962083995345,0.7488961783083238,0.6558986545348772,0.604323739826696,0.5459859104021263,0.5011510706590925,0.4425681426687662,0.4452839418825008,0.3803599104052974,0.34548935287515514,0.280674832983138,0.25078326768723236,0.2491282387904361,0.23478529779271406,1.2001472486752083,1.1009596942163202,0.9473933624133141,0.9013993821019912,0.8220874628622993,0.7030414505234794,0.6623783551696139,0.5964270047563169,0.5311684131719647,0.45701644813126036,0.42178289997913254,0.40278091466335814,0.3763848630211372,0.3270549384723627,0.3210384859277748,0.2553170414823718
2.6386566845355817,7.84732617042383,1.4739256981624291,0.154522999464722,2,2,0.9775154190661159,0.9016567568680371,0.84111999884354,0.7321953578622538,0.6549775683620221,0.5861369595776245,0.5304948340674094,0.5016178628088711,0.47471772825311664,0.41301128910074714,0.3715620283526434,0.366375818911509,0.29340262860836763,0.26242075941190357,0.25452378738994286,0.23135816478784216,1.184779123256034,1.0682552417982172,0.9868422226462391,0.8926928098027879,0.7847809970486391,0.7248030569092676,0.6504340539394136,0.6028031894475647,0.5374433520857798,0.48659319739943374,0.4361529893941049,0.4152486179393512,0.3822944545237262,0.32153349451429425,0.30860800462448956,0.2563920570709381
1.0869202417694446,3.8588211138624295,1.9724299608786935,0.45232683140654106,3,1,1.017453291884253,0.9072417095885116,0.811575648091036,0.7268918422463213,0.6693057360552211,0.6287630006151361,0.5584022310334641,0.4917108527767982,0.4626430025588479,0.40946652226411023,0.34792827643387336,0.34374860198696394,0.3097795071125341,0.2979085987242788,0.24538309495615865,0.20538601009543397,1.2110226912895576,1.123940674096803,0.9719729499275374,0.9146983475513227,0.8056607191324833,0.7383729628772774,0.6593983866470401,0.58338923819727,0.5559534434770371,0.48266181358985355,0.44554797996907897,0.40929312727637884,0.3421881865058453,0.3380908272718303,0.3039221209980059,0.2650858990237235
1.4836499403111334,3.6712199123945677,1.9818837934530453,0.17095553880700817,1,1,1.0065950030717996,0.9198454073100348,0.8156524317720213,0.728159228860425,0.6749408753636831,0.6105127833320344,0.5537450103813075,0.5050035089079847,0.43880469376389447,0.3916014861353968,0.3551788624837325,0.3354916090543716,0.29677572494916626,0.24420000890686094,0.26273839956793926,0.22160259345501815,1.2046906120941425,1.0896338464055086,0.9961644844238514,0.8965923504350297,0.8188381739168517,0.7151216134533654,0.6593851435255124,0.581254762804788,0.5407082774727574,0.47508357721085165,0.4435926380088563,0.3933818430091657,0.3586863503067517,0.3175267479197529,0.28015751363173574,0.26354822548656276
1.3082729645864826,6.555258921783145,1.632174038299899,0.4158310629829832,2,4,1.003865924683709,0.905846852717513,0.8498770915356034,0.753737789274708,0.6692236627697525,0.6313856987444258,0.5597820053929868,0.488461327872381,0.44405686986999554,0.44392511638123267,0.35920221043002226,0.325027232588291,0.29847112236638856,0.25973289125007704,0.24638787292862263,0.22441729527488358,1.2011867620937662,1.0524030628509153,0.9585425218700772,0.8621818400595131,0.8152060791504525,0.7294990602323601,0.6214316430051737,0.6017399110268554,0.5534053419493251,0.4836493411009882,0.44135073041663,0.4153479321010561,0.327043794071449,0.32844907581930505,0.3069673398804873,0.292412610906095
2.346220033305041,7.0251538888112055,1.8409665659511139,0.4036271156226937,3,3,0.9745391807830271,0.9112416012583733,0.8039178802242994,0.7306535512079637,0.6634371279514506,0.612102994914747,0.5306371788363878,0.5084817621023364,0.43063905793591817,0.4087293903396355,0.3762975101128548,0.3462642724165016,0.30577662478414513,0.276096498821969,0.239328627492229,0.21589812383831378,1.1606010451859163,1.1071241034314534,0.9915863550710408,0.8873693917357962,0.8155730577917488,0.7402004662176767,0.6670875506979823,0.5889723317002478,0.5140853682960063,0.48167743440504,0.44302281245056685,0.37339936769476384,0.35812424728863623,0.33872155240038254,0.2946441983339646,0.27917017719138526
1.150837630018407,4.916687688684911,1.4300154937188194,0.2177520049859665,3,2,0.993048356844082,0.9182018483612653,0.8365588342689049,0.7399717133590665,0.6735030160051426,0.6336143242739763,0.522547732254143,0.4587999339974175,0.46295215868101974,0.4167758306167205,0.3799713009515883,0.3067939656300514,0.304891730887147,0.2703254595675231,0.24454871013561905,0.23040541025742411,1.2149390401612559,1.1232429624724578,0.9524894362069807,0.8717036372178198,0.783485764755776,0.7494735940753537,0.6475248343882413,0.5995605821940355,0.5454817585510249,0.45222626634437924,0.45735514012257544,0.41190375299951637,0.3537695499723918,0.3198463543035843,0.29029627931197965,0.2738391349026359
1.0099410936212867,3.9020252019934203,1.719596358482241,0.42582141054404954,2,1,1.0064479739040864,0.8908698694387984,0.8042546857856993,0.7558866789921441,0.6736673878011559,0.6083147103512433,0.5315754085560432,0.4970592036010906,0.42691843080262365,0.42115594122206595,0.36340919745303674,0.32541676372451434,0.2798643844963917,0.26790492961880363,0.23704399507821888,0.23027722254922497,1.2222085496731536,1.0841607362171355,0.9782405420917223,0.8913860735015944,0.8034726504206533,0.6967343558991301,0.6561069563822455,0.5973806623443557,0.5420168652709138,0.4610264556641579,0.4322645958929834,0.38767655224183184,0.3318320931077126,0.3471621658767339,0.2879011667715226,0.2712747607757331
0.7838482301750886,2.9976841079756413,1.7044569627790642,0.28236356027761933,2,2,1.018914356859036,0.9066054939090703,0.7978645347513891,0.7153790738876021,0.6880588491523405,0.6176371475451992,0.5365752921213641,0.5094780501452247,0.4567787624674874,0.4162851854907776,0.33399588211441067,0.32833970137152785,0.3147003546383082,0.28353356895614823,0.25981821874053423,0.1862713328620118,1.2025359483415368,1.0931878311354997,1.0207557692303921,0.8746755080395735,0.79944502506153,0.7283746386091294,0.6718653811159808,0.5892524400357281,0.556403471832021,0.47606499309129,0.44545836956487617,0.3915343804367474,0.363805797163741,0.316675890120644,0.271957072612926,0.2841525893249959
2.5729692554651797,3.5063104898471384,1.4526958139926105,0.2998727915381977,5,2,0.9942795563200856,0.9099723327655623,0.8191760607798984,0.76491288114711,0.6737918958242162,0.6039169222363134,0.5254759175937276,0.4869462449447475,0.4771406577555127,0.4133629628731448,0.38286866307308853,0.346550050096274,0.2811601486233128,0.2660151165076213,0.24118066204149344,0.23782188106215624,1.1862827817598438,1.0779664923029106,0.9736311659235316,0.8752647094107118,0.8013632730621044,0.7290691236059601,0.6458113873462418,0.5840836441118631,0.5415521079672465,0.5132485309634188,0.4445649792958856,0.38312996118069687,0.3687058275459612,0.3423855718611508,0.30206810174355075,0.27265782341169614
1.5764975168804136,3.0044222914617578,1.6093769934254842,0.3550806241374306,1,1,0.9959325758031935,0.9001389846115437,0.8160357876809534,0.7149476745655909,0.6653224144863186,0.6061694945327071,0.5342021302891317,0.4962250243826912,0.4570618539372424,0.40410363445927516,0.3990288897904295,0.29377426437490767,0.2980989191116488,0.24515071833928617,0.26129653513182427,0.26294219724848733,1.1624698936637428,1.0877237029957407,0.9902632562740517,0.8844455209291573,0.8126587768808017,0.6941921389904405,0.6713543825695231,0.6014822302409454,0.5395371543105819,0.4790698537080679,0.4510312407337489,0.39216450686806775,0.3647798885079782,0.3193868695049296,0.2622141458524371,0.26728649835305357
1.0208083538690165,3.9457721515541095,1.6542048809392709,0.2595387584428003,1,2,1.0036808990007888,0.9129348909677353,0.8395816382864985,0.7320127578833068,0.6775404143469681,0.6009599251352457,0.5504237126586353,0.4893453684605396,0.4283905986211483,0.40247702922881795,0.3484895751404649,0.3563757446804317,0.2826108407478608,0.26581760055816284,0.2518134564701924,0.21838560985809594,1.2211250037665842,1.0848691391838092,0.9613660322335084,0.9055156882133779,0.8001466822341776,0.7734149687927657,0.6460384269303419,0.5892791996562378,0.5406836391325407,0.4717423789436935,0.4524465710996022,0.4216182747478206,0.38793530602610155,0.3353357960536931,0.29542483848465745,0.2891699677037106
2.96013799440668,5.7222867876777475,1.7645889716372347,0.2563244079539134,1,1,1.0022050578540098,0.9170797460621741,0.8077433404890603,0.7297451467328103,0.6672360915369595,0.6100688989670905,0.5282112532198056,0.4980901416368845,0.45414134600231926,0.40798694536991775,0.3562340355215735,0.3276463161621071,0.2828493899714354,0.2698516645751611,0.23573921486296537,0.22971469596988334,1.209559623338657,1.0964748568194347,0.9866496732334908,0.881215902098435,0.8312529082129105,0.730225474996944,0.6542375682667217,0.5800618827613533,0.5469190191909933,0.49114973874532275,0.4354311104607954,0.38918953191119643,0.3762237936150548,0.29073187586744476,0.3220226079700339,0.2773650451943247
2.7316913930761197,5.770983457943965,1.704930748869687,0.4009407331688595,5,4,1.000306322409143,0.9372737845185527,0.8365015301246075,0.7458604852472023,0.6611418005097979,0.6126851856928508,0.5731368504738888,0.5059309193566411,0.4682521636721964,0.4080410153003725,0.37562354745179516,0.3298566738665281,0.30759767734077753,0.29203853377079064,0.22513000359817076,0.22219238285579787,1.203603964764179,1.0772385615587003,0.9778564079116374,0.9007855033629836,0.8344087872458779,0.737278601412083,0.6634656491285984,0.5726306868097595,0.5681079375480008,0.48903768010921733,0.44094789777028337,0.3826692529858421,0.3605805102664189,0.3105961490821831,0.29698152545887063,0.2747509239202809
1.0807417192313773,2.713496596947058,1.5348612399689239,0.47482703076741917,3,1,0.9980889687333839,0.9237973814351808,0.7943979857143917,0.7511574046104806,0.6586670917343787,0.6048165365534627,0.5244177508903453,0.46633078850327775,0.4556892290230875,0.43679936631985583,0.3794761160669357,0.33398403437496543,0.30335227484036786,0.2971953198435882,0.2699511428113362,0.2146720277279827,1.1856494877663706,1.1131691082890316,0.9772224453494697,0.8987488878900607,0.8220849058680246,0.7162203917857289,0.6507746891208094,0.5751269006848874,0.5559379190109299,0.48566290836657494,0.4538508295798063,0.37983456974268387,0.37149105887820943,0.31448738774162827,0.2928207460289588,0.2485062524554098
1.2693770861104576,3.6658135924756285,1.7358354487250194,0.13890117468388588,2,2,1.0071517176081382,0.9063378609351203,0.8123098930081097,0.7346373679636244,0.693385885353654,0.603234311256648,0.5568455992117916,0.4981634197946417,0.44658279102318404,0.4030953816778809,0.37210311410722646,0.33478862414687116,0.3169547861059288,0.2526035431367033,0.2582761598687274,0.258553404007229,1.178341870826418,1.0811214988609266,1.0008059111125198,0.8717078261575352,0.8008250095869608,0.7135103469398342,0.6587913432187559,0.6060092243101273,0.5749940148170224,0.49561701057573765,0.46275205960917215,0.3861376618191278,0.38277553248134666,0.34011125405311426,0.2844011966557355,0.25513959366115324
0.8316343407679687,6.8558201131634515,1.7524241368733005,0.24722969874418851,3,4,0.9990229730676603,0.9187486291467782,0.8230075697120703,0.7388089010838996,0.6723579830718364,0.5736506329803941,0.551266814483502,0.47637223785364546,0.43711373404936615,0.4084192639504807,0.36715707113033297,0.30641827591868204,0.31898398726468874,0.27607020235176977,0.2603550932707194,0.23290315431985695,1.2185043951597274,1.0915762293122449,0.9762338939093355,0.8615465389952084,0.7933723108551783,0.7222659792077273,0.6417627981719203,0.6030449666649377,0.5332323306540021,0.512157365839732,0.4545341901853982,0.4040580805675941,0.3805008960289279,0.34011767363677664,0.3137905701305871,0.23286050629270155
1.9813871001300527,7.76463637184424,1.6605981870174598,0.3890036960835378,2,3,1.0141094617400768,0.8723673294043959,0.8197766756714439,0.7497891821626697,0.6940415255598554,0.5969157597458346,0.5027938329712834,0.49939583108196,0.4427950654632445,0.40392293651557115,0.3647726378615748,0.3388158927571567,0.3296919988425583,0.2587932355554795,0.2461251973861573,0.2074279217810867,1.191194810083732,1.0743253720052168,0.977280361849804,0.9039625578322918,0.79555838125478,0.7252764863696536,0.6796183291145472,0.5935669845862538,0.546528591959219,0.48518689788088576,0.42241435775983194,0.38666389552269964,0.3583262895638897,0.3246173706560704,0.2800393588754987,0.2588212088999215
2.6699955657703067,4.976686173241965,1.6876151891007354,0.2616669564304893,4,4,0.9956783868901397,0.8941075869389262,0.8203395672375247,0.754247947423964,0.6558585214628212,0.5884329495000922,0.5369903459691264,0.4960126830272574,0.45016413065180855,0.3785058957673311,0.3500769646538998,0.31670630220669893,0.324933131916216,0.2687363355117032,0.23551082342806595,0.21476333418106747,1.203241231357305,1.123127668799838,0.9804388909317647,0.9262782888593405,0.8133756431734116,0.7275499971779534,0.6531637965409742,0.5876209076588271,0.5441491705610004,0.49478998891810994,0.4374025481740992,0.41137899968553615,0.3603570169353101,0.3341738361803294,0.30625659690191587,0.26132118656097786
2.7131202814791577,5.051539947737931,1.308832110310456,0.5271638162098985,4,2,0.9787794794982666,0.90477254358771,0.8106548155216927,0.7427153104048196,0.6581724018912364,0.5972648484716471,0.5469485259324364,0.4638708902426741,0.43159727704855355,0.4149096981122444,0.36779074976391923,0.3171861793610125,0.3044179914961126,0.29632303540323707,0.2654652225349302,0.20542891056071552,1.190945839744078,1.0578922069528998,0.9732791293376338,0.8695635317610719,0.7919274271254156,0.7315490972269152,0.6538602117739265,0.5909903949298464,0.5162720822148064,0.5005642516872145,0.4366041014306064,0.37886835335245667,0.36142702059562176,0.3427834133324805,0.2758284385565604,0.2735656638587992
1.5233616739185947,6.2138475376074584,1.9511381656758116,0.19153103789126283,3,1,0.98668122932225,0.9160389530655006,0.8228611451945825,0.7401539061438942,0.661764511570617,0.6041403712060532,0.5558842978642106,0.46165048052457447,0.4424543675164202,0.40573540571689,0.35117607174024196,0.32441831149686245,0.2975269964086913,0.25493702722170264,0.22852705770174284,0.2014926663681436,1.184725383472917,1.083710427148468,0.9922331016549285,0.8856739066808843,0.7983812295303421,0.7141166493480041,0.6591850275772766,0.5882618271463567,0.5531869311618846,0.48651376844826405,0.4527162349918356,0.4036292990627829,0.35944946661923893,0.3284853350981132,0.28225232729319993,0.27542731830504635
2.2456318004966542,4.436687504432826,1.4856102338171076,0.21221364998629458,4,2,1.0381609952698563,0.9034533846416039,0.8099902261171278,0.7429389207721712,0.6754394583207703,0.604098777811732,0.551754167752433,0.48720811509365464,0.43431432334760917,0.38790072383460644,0.37121207671411943,0.32512168205230435,0.28696220941116846,0.24810465693217684,0.250942608617001,0.20826194735714043,1.2253301100751095,1.0851902455590383,0.9670855607092864,0.8679069849824609,0.7786231886784047,0.7328513902168597,0.6614420341205945,0.6191382621814988,0.5228090943316053,0.448359174925397,0.4340192878594066,0.3839426547214159,0.37060305535162025,0.3017850553417616,0.2821937504670489,0.28477989882254484
1.30080128236767,5.1670556467526625,1.7363547522284897,0.14271075375104106,3,2,1.0265450209703342,0.8920857965524397,0.8450812997513362,0.7506926411054894,0.6921153399046687,0.5918793857056945,0.5667958609436676,0.5184365584704591,0.4475826886851984,0.40463441013729007,0.4047196407401387,0.33553280213947345,0.2948551702848061,0.2630824851666603,0.2532850862280239,0.22808711695768458,1.2026634585718277,1.1116267806843412,0.9775591404473899,0.8960787577115684,0.8262724748674245,0.7127772151310706,0.6741543973800642,0.6233831315530152,0.518873452933426,0.4714205748264686,0.4258791518674293,0.37175136993789826,0.36822366879299034,0.2991958235884226,0.30339899962433026,0.28955331809981794
1.8269886947910305,6.580515664935379,1.607010315879136,0.541341236669498,5,1,0.9990034969270276,0.9157492528380056,0.8299320819856035,0.7542442497878628,0.6860272167175394,0.6125737986297267,0.5595519380788337,0.5103280613319011,0.43064889519322175,0.40678379257267383,0.3690042242253198,0.33156044292371417,0.3102921063756156,0.25834746601204184,0.226096868062759,0.2146283308957842,1.2078356285003566,1.0735544227932603,0.949183045028353,0.9076089658259822,0.8233877834691642,0.737579360029699,0.6562064945326622,0.5931783842080123,0.5216557714530338,0.47343424276200247,0.4536655488406372,0.39383890449610276,0.3792475213815994,0.32498216206109665,0.26404401210573525,0.27083458246981784
0.5847424979016522,6.450012641293954,1.7376944988133842,0.2693032759966899,3,3,0.9819171145031881,0.9077558205066417,0.8200610471602886,0.7305850053610665,0.6558894363607061,0.6127549495680032,0.5223289270429392,0.48723331663336233,0.4418403794763823,0.4336868730143509,0.3532732828989493,0.34296877378692475,0.2987715926297907,0.29019152670672105,0.2681981393856662,0.21970825163598828,1.2035035060560795,1.072822501102129,0.9773010022305445,0.9005236288022341,0.7861574042024264,0.7168320432382905,0.6594888962674688,0.5917122872088304,0.533858672559319,0.4571076939246519,0.4368593457114752,0.39809747364233133,0.36091158054217254,0.32862924717421754,0.30838297768667255,0.29920909261293244
2.0217140459638814,6.119083596995608,1.8523188907697048,0.554911092458851,5,4,0.9843516821352024,0.8907418260043319,0.8120548323553887,0.721749168445201,0.6659632347634896,0.5971221343376902,0.5405425603605516,0.48219286178652465,0.4498806652129054,0.3996566872686831,0.36960222176341107,0.33661105974824573,0.3062971415382688,0.23969237327236106,0.23856159982992792,0.21119106576417945,1.2116139928481373,1.062139465020644,0.9717598124664227,0.8845741083963633,0.7993412224008646,0.742705681555277,0.6519331726368927,0.6103725640401249,0.5172106623427678,0.46070122191021,0.45974416785133676,0.4059801224259264,0.3687488362238823,0.3288861503605996,0.3031811794998168,0.24951852622515494
2.796574216422596,4.955594303978262,1.3098913138804877,0.29357142073609943,5,2,0.9847149438722286,0.9072142072944742,0.8360197636596488,0.7537217473148059,0.6723408758870528,0.6148963478315213,0.5502735395303309,0.49672840824572484,0.4462399838912784,0.3995812088386854,0.3741795898771556,0.33151877454696854,0.3065738943499354,0.266770393669445,0.27036014203588676,0.22579552100981268,1.2011843689484665,1.1101722098526314,0.9843205760401557,0.893425800344449,0.8079506518454682,0.7043875127496674,0.6735050424556286,0.5767764815472364,0.5574150522038679,0.4985495623234428,0.4372330485544133,0.38332266209265375,0.3718955131661339,0.32230203363236676,0.31916018774294447,0.26245550282763086
0.5285024207187995,2.5810126130158118,1.7554882375944219,0.5086717241191258,1,4,0.9909210362293444,0.9273283771594257,0.8337377806973056,0.7665604174688506,0.6650727628455176,0.606982517189676,0.535600012592122,0.5110926751999986,0.4284322944804477,0.4150376951472874,0.3843190156585675,0.354039173122441,0.2870973313972903,0.2888772454654723,0.23589289724053944,0.21177349424177827,1.1801542130742568,1.103138543332096,1.007203865607807,0.8800659091181824,0.7929919463319793,0.7227518382071745,0.6961842132434957,0.6109679423065231,0.531056575221787,0.4609699712895451,0.4313658173393764,0.417253490322837,0.3894479135401009,0.32304169865362525,0.2855452522467814,0.2601073191031248
1.571404665268725,7.384682155054887,1.5636737970348427,0.44241097933128437,5,2,1.004326384972075,0.8933839334652233,0.8304498457535774,0.7409422975584966,0.652698953794699,0.6158605456006149,0.5614407670839603,0.46789024569485393,0.47672269949981827,0.41402611706908876,0.37928327261474865,0.3049698278986245,0.290398379104035,0.2672926537194574,0.26275341298713434,0.20123666456647496,1.1867426658144884,1.055358773319308,0.9788610686025092,0.8941713775179675,0.7790907296897533,0.7189679092832632,0.6662299145634939,0.6196836693656913,0.5491555834212416,0.4833274128508621,0.4237866610310135,0.38539938649809546,0.3514696817684427,0.32924401317141816,0.29517223261253006,0.2927626677155463
2.4791624394240612,5.028446011044759,1.3613906873412904,0.5032874753888886,1,2,0.9853982552443779,0.9157025398461489,0.8170294562817765,0.7691622321206593,0.6626328295699692,0.622605773412791,0.5519011459277599,0.5064881800055269,0.47205826179593147,0.4214363864497477,0.3630046366775614,0.35195853823073653,0.28470519604142613,0.29274889279385236,0.25361946719643086,0.2143023785155726,1.2154630888248146,1.07763230817653,0.992133014034225,0.8782176305601845,0.7983522095675766,0.7292475294022263,0.6570777830220117,0.5993133125158459,0.5352832711926732,0.5080114907322469,0.44988335033216337,0.40510240195008956,0.3747587773856317,0.31298467349803816,0.2870236843416481,0.26236721489719567
2.8137383308110904,4.039034700712001,1.367975432146711,0.32343087854701635,5,2,0.99989537285012,0.9090041749354059,0.8216015269095732,0.7498440354776131,0.6745182119312283,0.6089658466495242,0.5204237714427757,0.48588282646472786,0.41419037558677013,0.41599741716300753,0.372491137253365,0.3299411480832627,0.28887357062094776,0.26380682513861003,0.27427932209211564,0.24909815525127674,1.1991261337787842,1.1051253302465123,0.9586575792672111,0.8599549689980379,0.7971389547349579,0.7147124578367045,0.65018651243655,0.5987244611461853,0.5845684674686414,0.4779711554772619,0.44219952101686594,0.40358958906776055,0.36091849738944853,0.3410017427808402,0.3225483418884198,0.24910247663204246
2.5930447600616144,2.7587324300294203,1.8504612673769443,0.45480413488883764,4,1,1.010559265436978,0.9126168163888876,0.8287154323137467,0.7411808357903821,0.670096516966318,0.5865073228908944,0.528469509410726,0.5044506484040016,0.4351118114114692,0.40921462959542004,0.35667131309360534,0.3421375483196758,0.28941876348978196,0.28363905761364416,0.25836075328081337,0.19203013792512047,1.2131281734868107,1.0752424552344926,1.0053897399973495,0.8749580515926472,0.8200416837332257,0.7514966758931979,0.6769637915323418,0.6056817009416384,0.5217691361284857,0.5057313392410598,0.44813833148136706,0.36227834654844193,0.37465268877518887,0.32040045374262077,0.3017905326535419,0.2685634664220204
2.93077817074543,4.274110589376349,1.4637172999551655,0.15780519406565705,3,2,0.9879393312963568,0.9261437592521023,0.8257066284874734,0.7557008420458049,0.6827021707132984,0.5961974503097465,0.5580372137304804,0.509181743931803,0.44939832020571285,0.40997291025089583,0.3565289909835474,0.3274434444145636,0.30508415734820243,0.26154204616402077,0.2594043072369886,0.23362241660547933,1.191396980282238,1.0867581692379573,0.9613716369765192,0.8871930034459501,0.8123806720149085,0.694624644439794,0.6320823958455801,0.5854246831140755,0.5576176505300426,0.5050080423024249,0.4571413512498622,0.39652449767837716,0.36063173992828745,0.3380867091274343,0.29702623962548075,0.28263263975499897
1.5390899869836767,3.3920652740907147,1.882626234058522,0.5892662588265702,2,1,0.9833083744079432,0.9111914932202994,0.8025401728526237,0.7397194559498754,0.6791715431023639,0.5716609193738895,0.5455986234760692,0.5103902125748132,0.4642151284997522,0.41044645117433626,0.36628955749709496,0.3422066110013722,0.31127866211839395,0.2573613578176348,0.24774096041714772,0.23238224225734197,1.177262042675202,1.0691420697627358,1.0011365642784105,0.8734115435898167,0.8050435691779244,0.7185466972047857,0.6731269961147026,0.6128425664895539,0.5324168035619952,0.4808057038542659,0.44069542696787745,0.40143570802218054,0.3549856454997437,0.3100585580537898,0.3140049531069003,0.23967139304307736
1.7961479613677998,4.412027473328313,1.497230434338268,0.41959048608133687,4,1,1.0327791661846486,0.9080284850945315,0.7886426502677042,0.7452713532483964,0.6693384704640108,0.6161052647769857,0.5558514199432245,0.48408364904682405,0.45680147750401845,0.41893536416736465,0.3666824574789788,0.33205876778113147,0.2850239241891606,0.27050727927605234,0.23902309755400844,0.2223841789876619,1.193904593679889,1.0588618798958125,0.9912344412962607,0.8791075627609992,0.800834263145181,0.7135705920169604,0.6586180458011602,0.5905712614448496,0.5651548493867936,0.4611968219843006,0.4234632205908236,0.4000329578261235,0.34315070990434693,0.3234897940137431,0.3348396543977414,0.27284433837305266
1.0592474642969498,3.503166052873003,1.3718727873141991,0.2252290403670081,1,1,1.019102308139044,0.9180791384675018,0.8196892525223035,0.7434850196419859,0.6543689949908355,0.595033433854807,0.5256914915089977,0.4932338432136148,0.4734962164628427,0.4248016628365984,0.36694331146172593,0.3284074709761131,0.3137180083213753,0.28475227245843454,0.23444839036316037,0.2230724880903778,1.2110191646261048,1.096421281040861,0.995570163133787,0.9042061543244178,0.8098247138686829,0.7213511404991126,0.63627799747328,0.5849203120315271,0.553577289166765,0.5119687226863899,0.4552084668514201,0.39375675930201914,0.33623817281798574,0.34078952934095774,0.2810573866109625,0.2653438277528326
2.853229840322691,6.772989235802746,1.536983991268983,0.2201885448342877,3,4,1.010670829044623,0.8887090991547016,0.8318680686419165,0.7396452107374389,0.6547047937811179,0.6177872925912041,0.5449824465104954,0.5041145680783281,0.4433776778058529,0.3938886370394043,0.3830767735787554,0.31678842971252374,0.3083827050482148,0.2730545892582519,0.2516804459569069,0.235401851798203,1.2067893909427128,1.1070565286753518,0.9848823963349006,0.9044707637975236,0.7629411348384874,0.7591359705141106,0.6541264796435776,0.5972330127420223,0.57925907258561,0.48287093007037624,0.47055094891846183,0.40696779620214735,0.3371158427153043,0.3039350834378488,0.2808523891107766,0.2529789716213294
2.5158245586675347,2.69678259579031,1.3703529393330722,0.16084979891890658,1,4,1.0003563576905232,0.9090765911102173,0.8292408626570212,0.7498569942199566,0.6729571212705205,0.6111189289695715,0.5815025158870177,0.487990398748295,0.4544602773570865,0.40291109634641714,0.3385479792343652,0.3141925533858236,0.28449773368419556,0.27914517066251177,0.2716417830524786,0.20110339170651337,1.1893833878305113,1.0801969298032141,0.9803020287886811,0.8644430769444955,0.8005644946780077,0.7438941519849521,0.6549668799156866,0.5859158802448877,0.5248748239260184,0.5002466156356988,0.4202660448088004,0.4229346933011703,0.3557720674744291,0.3431740880983379,0.29749288737373913,0.26434036671682115
1.3341660764362775,3.538422475147785,1.6821409193293761,0.5848029002013926,4,1,1.0079332650446045,0.9007443503037311,0.8314065655904599,0.7368818314973519,0.6648864184650808,0.6171160781162092,0.5563690770050849,0.4893415578005091,0.45227817185409724,0.4076715439543223,0.3484560871787226,0.3264074327349947,0.28850848912150523,0.2904629652856764,0.21831621598854467,0.22009862518251794,1.1845153743395112,1.1059988711891415,0.9376767824172824,0.8830563584830327,0.7890314073264484,0.6964185986644104,0.6392708247064277,0.6070332767404932,0.5456107056043291,0.49567168793492006,0.4321882977287499,0.39170445384462677,0.36498844569307387,0.3213544845801043,0.3168964530479393,0.2411475050361652
2.988998537421942,3.977754572906959,1.7414674207269134,0.41606712160521997,2,4,1.0009611710963695,0.9038244612718203,0.8206894422952846,0.7209981820950009,0.6318467667336829,0.607042396722808,0.5347748702381374,0.48976783354114184,0.45572780679556174,0.376790213432277,0.3564318802016961,0.32371947713076216,0.28533531030986836,0.2774342813947665,0.24449311016858677,0.2108196676340892,1.1852329549847411,1.0979146736684904,0.9725850412127062,0.8977579981659761,0.8111244092555439,0.6994295314928068,0.6423207469042412,0.595948339069016,0.5443248137893731,0.49957915496054645,0.45349028396084007,0.4149587821042386,0.3558245806997178,0.32388185104446765,0.3075521480395218,0.26137475261848925
2.6084747576729446,7.109840961803427,1.9711342552905773,0.20215476517424205,4,1,1.0114012336959541,0.9066854612361234,0.8287809366392187,0.7331123044589746,0.6576759352337377,0.6035835854840015,0.5370875704334391,0.48557676017850837,0.46039548437988354,0.3850766401317923,0.3527136225055447,0.34000102643529084,0.3229882957139154,0.2782315985709473,0.24452366054319472,0.22375994338961328,1.2098446426904903,1.0903073180412992,0.9675742446428233,0.8985026661304011,0.783881369795052,0.7001562104694404,0.6640579122413467,0.6038873346675873,0.5258170669242813,0.4951044809607689,0.4449466422667283,0.36750505753847984,0.3418088874573137,0.3150289424908036,0.2957698995300546,0.26115855689350953
1.4067922144770202,4.516617412726187,1.3525610840188005,0.2553149987481296,2,1,0.9930119608210691,0.8944250474817153,0.799296998531941,0.7700596944316368,0.6304065044386091,0.6043012934874731,0.5363915959894568,0.48317454582744274,0.45346357021895606,0.39720347796112115,0.3799875342219622,0.3232505038527338,0.3191804515676816,0.2796752702167228,0.2618704011868938,0.23522848475852898,1.1836956963608345,1.0681517986292908,0.981688105765343,0.8869241753305808,0.8280032031807406,0.7282492504375195,0.6269388347988452,0.5849751357400136,0.5337304727799878,0.4919827445615617,0.44511087980885145,0.3998010755183521,0.37306248953685456,0.3499312172198318,0.26820419753751784,0.25534276785336585
2.7389117727333425,5.328847616792497,1.4006022617379383,0.1992735937651264,5,1,1.0110820428815794,0.9191900910907178,0.8150959591039135,0.7406012739463884,0.7026839484032956,0.6233114049855981,0.5320018887338397,0.49759764869687345,0.4249225624626032,0.41793828094219165,0.3544976681479229,0.3144282321426894,0.29383708074323545,0.2685565533976249,0.24748415271349578,0.23513863781034647,1.2206654893857194,1.0901374107314892,1.0055855226594357,0.8608067618408025,0.8134117509473104,0.7316109584448434,0.6564532097842791,0.5938080206001036,0.5420127174675925,0.5026800609281403,0.44185186962195777,0.3949669508111115,0.37185588646909673,0.3307598858149551,0.2974142817611196,0.27646796881177294
1.967493173754132,3.4544214735281784,1.3043143401235897,0.5334933490153356,4,3,0.9900407278264581,0.9104456271629394,0.8504286258035993,0.7135152047974679,0.6908794952089068,0.6158176412925774,0.5397722349823689,0.47886924156003335,0.4363820571080286,0.41439262664532306,0.3671194682553523,0.32976798040653515,0.30553468880635876,0.26780436713493244,0.25365705822751566,0.23595796881549744,1.2309939023409597,1.0872922285742246,0.9711656465158816,0.8976394630477977,0.7889142712762383,0.7539893197803073,0.6473870237006473,0.6145818556522723,0.5544437846753315,0.48409353679929124,0.4577353159339505,0.3895383331916219,0.3486466451738467,0.3379777436042703,0.28694233701326105,0.28105448574729125
1.1978321199170208,2.6390630370215775,1.8634097167039316,0.2208998549948302,2,1,1.0062308939587832,0.922596914435605,0.8231821695745872,0.722257055998832,0.6441880815600411,0.6120189445119455,0.5496971755565919,0.5109256832376214,0.45252561582283296,0.4215207033067667,0.35428109349119125,0.31850944792918096,0.2962054003309279,0.28883795052456035,0.2549704986079392,0.2515816806267094,1.1838057225310383,1.0538719595056008,1.0026692607022614,0.8887178694584194,0.7620340672868958,0.744497690916104,0.6436703330100748,0.5926043157606543,0.5314418441851991,0.4873863357887111,0.44155215512518026,0.376868110911113,0.386037617343325,0.3429732376326285,0.2936644594675712,0.24233480355875348
0.5717920187399063,6.450251181589405,1.4015488722738048,0.10750017683928767,1,2,1.0017799563745324,0.894096781615819,0.8306748900450293,0.7700764996606317,0.7005424204655126,0.6203095794491861,0.5574034473859047,0.4728052114515477,0.45772827101918157,0.4289355231376042,0.378415467691722,0.33936771504581703,0.3073648799497695,0.25871062776846065,0.2287351252485103,0.2458910579401915,1.1794279216517847,1.0904760463624168,0.9618115191626481,0.8673541407425849,0.8130004884449925,0.7242194544566017,0.6405940954200393,0.6158924485430335,0.5276010610268774,0.45808085009847394,0.46455994884803165,0.4031439506472005,0.29713904292501175,0.3424388741909427,0.2694609280353388,0.28684377603244565
0.7442447502474654,4.103120648367512,1.4896217513000982,0.4044583862053357,2,1,0.9830335008892186,0.916420526118451,0.7958550140971921,0.751459561931459,0.6839737561715572,0.6269479811089661,0.5288080100229903,0.4897583843835701,0.46738164644956454,0.3996256410645306,0.37034338107680687,0.35030529767742746,0.26728301340759764,0.2680789951217304,0.23715454098622474,0.2059202225494809,1.2067179950054512,1.0829315177242447,0.9843598944641466,0.8671668127140658,0.8292576773022144,0.7100194919970353,0.6386585893665344,0.5841035632008034,0.5615729106770418,0.48421350626328064,0.45423679308797843,0.40248251711072386,0.3637758397090246,0.3134230400758468,0.30926567081884426,0.25970734795899447
2.3598325065082957,7.989602674630223,1.730732576400932,0.2104003275974307,5,1,0.9786265922751112,0.9346330261872372,0.805930645296648,0.7456497273323688,0.6474171923475485,0.6060881384597707,0.5599588565804465,0.4787456705651431,0.42682405736524537,0.40534414345623565,0.3740063808360018,0.35444966096523106,0.3160386603122796,0.2511440347062272,0.23690037031398353,0.22377019169199996,1.2267652278288226,1.0775338382561745,0.9738202774335774,0.8856092843404656,0.8178724942858009,0.7502238846179354,0.6595969733795396,0.6075049128664276,0.5480569657194581,0.48582103265903204,0.4376635329436368,0.40486005461465346,0.3561022274393738,0.32087496648734026,0.2891621819550549,0.2518106987228284
1.7069451294443128,6.380916024218601,1.3041158814785412,0.4457625487634205,2,3,0.9974262335538183,0.8972344426289456,0.8134889746212718,0.7215551484831757,0.6715449232630474,0.6276300932105414,0.5604451960358114,0.5072341656261231,0.4703599077602957,0.3984283670224702,0.39140564852106424,0.3673913021191746,0.30935719617405877,0.2595766876380475,0.2528191252819283,0.24523234596506177,1.2172688585185323,1.0871499407606342,1.0131997463249802,0.8975730355290696,0.8019711592523465,0.7346865556832365,0.6446454901424552,0.6317935445805175,0.5478033382123058,0.5017004415032735,0.430206870246184,0.39422230766157607,0.3571473236489351,0.3254177347775201,0.2548235037546357,0.27599406184443986
1.7138121590758075,6.610099292876401,1.5322075634163,0.4694989851253234,3,1,0.9769796732521077,0.875118267757818,0.7925455395357255,0.7427394865772324,0.6641480932648395,0.619268050026874,0.5591663650409721,0.5032452723783133,0.43093964203687274,0.39069187864072497,0.36105167853244724,0.3121401895260866,0.3231393522540338,0.2842652261240707,0.2614519908727089,0.22551101134833476,1.208795823036228,1.0971646221475722,1.0002722244317068,0.8846530812576374,0.8223799467176401,0.7139865788379272,0.6777119081992383,0.6102109125387154,0.5315043266906575,0.5071836103132776,0.4257273068239215,0.4143314542627195,0.35471538067563474,0.33555983223384817,0.3179814494251084,0.2932139235728815
2.594551731485739,3.894524684671971,1.3404054539567016,0.15361803087170964,4,1,1.0164800316319618,0.8988964704790013,0.809949426814219,0.7408441470850896,0.6642557653130687,0.6253667200160159,0.5688572705610435,0.5076436898340728,0.4577111355008893,0.4204702688451554,0.374264553718737,0.3316452714336951,0.3168291553748883,0.2765402055660137,0.2553297897435054,0.2455207611720914,1.2287528477660201,1.0863112196269429,0.9986863498138304,0.8681734117939911,0.7934608670064142,0.7333640761056365,0.6490661497645625,0.5805767740753737,0.5271915782565562,0.4943642384856943,0.420865870547268,0.4077934127853901,0.3763702703200476,0.2982039742693953,0.3023466467256767,0.27854623521084015
1.607889019030395,5.598553737356797,1.5436717442964063,0.1977079326988674,1,3,0.9842239013778665,0.9031679302165173,0.7981989178847023,0.7362700624765933,0.6789111892932144,0.6190642225518116,0.5440249560132232,0.4926720360698321,0.45813113629883906,0.38421283303243803,0.3571012969281944,0.3520343519827593,0.28680028301273525,0.2663004849908355,0.2317232565179296,0.23924304988197242,1.219597793159199,1.108562733602961,0.9616035203475488,0.8849451068486438,0.8105363357925094,0.7191539344999974,0.6570888495087893,0.57295014818119,0.5511003203004091,0.5036201442814892,0.40764588968756243,0.38730260472985373,0.35434531160951666,0.33560562730463983,0.2850306878185361,0.2719582730076875
1.068111467743323,7.8269167944413685,1.44197426053643,0.4749231812070004,2,3,0.994301605241987,0.8970279236779555,0.8074058019691932,0.7201447719451386,0.672712454567413,0.6229631037058447,0.5264135703554289,0.49065008091338064,0.446357075260618,0.3738431495176459,0.341129554906305,0.3209219394922314,0.28965225181199106,0.24820519389093043,0.2583889593120253,0.23638502582516385,1.1713835174943732,1.084503160135196,1.0024213589268518,0.8822357845797173,0.8218766976282309,0.723389849147476,0.6364616871958804,0.6015816869783344,0.5013600765876943,0.47707189233959113,0.44756080620533645,0.41534425748074605,0.3735235813954514,0.3350471816452795,0.28470605822267697,0.25738893458743434
0.6180552388047224,2.729559839393504,1.7913517811597537,0.5778144814563307,4,3,1.0058841429081613,0.9104005216277522,0.8241253339625982,0.7373246532557407,0.6803598639251847,0.6058115274486879,0.5670024778164591,0.5125640704019992,0.44056122186788066,0.4179227372396815,0.3826034156802709,0.3101379568528023,0.3009935229309368,0.2702445155987326,0.24620558339069798,0.23421749924888852,1.1817672862126256,1.0842914403407042,0.9716554160566256,0.9025836449193623,0.8100721025683821,0.7150349151626417,0.6503375046005305,0.606419370072703,0.536041030633368,0.4854985568518522,0.4509018939065596,0.39346936074114525,0.34736016638299927,0.34533362208126556,0.34044396529589477,0.2737464479122716
1.5996958075757355,6.85147803362654,1.641633435169548,0.13687741160650832,3,2,1.0203504180858347,0.9329381627828568,0.8343903479008814,0.7249096278667851,0.6806230346029791,0.5894069202230311,0.5487264299565238,0.5481241468739667,0.4501815041397723,0.39473323088218837,0.3647257944708254,0.33402689896792936,0.3185191778630694,0.27193119726978693,0.24281250786316766,0.22351263591838974,1.203075456732018,1.0807619269809616,0.966785850306748,0.8741686781774667,0.7810299302062692,0.7108766631352734,0.6811456398814281,0.5912323370029053,0.5289309195149465,0.4913195423449206,0.4589228160090982,0.3947159417306775,0.3496296744888913,0.34113698101070467,0.2929328491848692,0.2751211915286874
2.0615478166128693,3.662590853374473,1.8734258953682303,0.46362283478587796,3,4,0.989321443664541,0.9139136115084425,0.8384519809959255,0.7415605665976638,0.6687856748958221,0.6091711483266551,0.5062582817936637,0.5076801114820315,0.4574109297880181,0.4089387099439345,0.36217743498685945,0.322347114172828,0.2986136917143315,0.2900034472884424,0.24512284312266194,0.24253447185918997,1.1629632805136327,1.0791853397621578,0.9864241155417625,0.8887878273165347,0.7804784650510713,0.7182625373271259,0.6765714158519356,0.577303024642401,0.524928992553908,0.4720861287525713,0.43350876231437085,0.40870109414701283,0.36998967095649044,0.29780239092026384,0.31693672872143247,0.25922571919058135
1.2599897489502514,6.698326802836744,1.8176724706132503,0.3544535206750157,2,3,1.0165945226171555,0.8877909282503401,0.806885093209481,0.7610135355613794,0.6556321051193705,0.5791020068916588,0.5524195405727037,0.47919933794959685,0.4708185890708181,0.38972696962919606,0.3764543789661345,0.3326896578712768,0.3098959979487401,0.30273990571538817,0.2393512553672616,0.20967196680284286,1.1795026412978515,1.1014838521088723,1.0004937876033604,0.880431735174249,0.8191907138681241,0.7466347102348733,0.6583139908055252,0.6154397701991359,0.5180744724085194,0.4551245551012963,0.4501790808432884,0.40378723746295037,0.3791441144450391,0.31798280252941274,0.2912339300226704,0.28096034592265906
1.6696810714337358,7.838053761120241,1.7831962458773614,0.46060247521216924,1,4,0.9960749337711251,0.9132806596193386,0.8338319642192499,0.7295142203468701,0.6714426508281525,0.5855102975148602,0.5490599146442678,0.49959523156681,0.4649504291680334,0.41139633998662073,0.3774373046812817,0.3252471604082997,0.2943246857024092,0.2724490827677999,0.24686321632282687,0.22825304215549796,1.2032626163493492,1.089236396436529,1.0072046122930487,0.9012783888245921,0.7831211453854816,0.7169215789585195,0.6704847591567729,0.5962804285171505,0.5375636208779476,0.4858479794487734,0.43988686484295014,0.40262685968620177,0.34832175386529957,0.3542119371386198,0.3129802129086264,0.2706884454703044
2.024466791729697,6.902097343338739,1.4221533718721093,0.5316524543399805,1,1,0.9905068113851756,0.8951865021318012,0.798497105325136,0.7415355545505931,0.6695823520257254,0.6232508121124277,0.5828535831314541,0.49950135004519225,0.4084709603021535,0.38915054614461797,0.38730670987784793,0.34000596318700416,0.2990255016734745,0.25930485546580784,0.2538748908457176,0.22797321160485381,1.215992782784562,1.1058078322542662,1.0057188173583573,0.9037046070473459,0.7878545938726662,0.7364916623680384,0.6423610715069492,0.5858279762472507,0.5280074259372632,0.47088526226765043,0.42946201494786007,0.4209911113223663,0.360269929893424,0.3506583229244739,0.29808349355822045,0.24190012949805925
1.27313189677225,6.749332737343099,1.984169388521135,0.32658050268627714,3,3,0.9647013164159441,0.8996274565763376,0.8200972354114521,0.7423079739115289,0.6486789881942444,0.6098519140056847,0.5509643457421355,0.4825156396426105,0.46010117178627047,0.40585965747365343,0.3681488990932147,0.3263654089579372,0.30912121309221857,0.2739384474176134,0.2630549384724865,0.2296662326880588,1.191064057106555,1.0825720382912127,0.9957741005779485,0.8836927038129634,0.8099272342657233,0.7353977110471647,0.6559715787084587,0.5621670038908161,0.5411057930772804,0.4909837239129137,0.4434196634399504,0.3884375097311364,0.37895858246426295,0.3250844948403847,0.2868771553774762,0.2573558692701476
2.501335907523108,5.0305442449935445,1.5266822304790637,0.5517503270002915,1,1,1.0198010423547696,0.9134710039500877,0.79428384128044,0.7581485236235713,0.6882959073381021,0.6136459159210328,0.5204159297786599,0.514623944460076,0.46915072494060894,0.39942644552417195,0.3697323104486371,0.34414860825736954,0.2999569255104531,0.28848260170703666,0.24777707626812004,0.23317150057261396,1.2012389233788188,1.0643198340685085,0.9680172535830089,0.9349939648295571,0.808440068076337,0.7468850634953482,0.6751181049927059,0.6208226301057406,0.547252868860555,0.4792227183735566,0.4417252718922527,0.3715397979970386,0.35869754136634324,0.34021993662973293,0.26446701153528623,0.27061913306319707
0.9039942718999123,6.255253500166573,1.7183144596947728,0.3265239254089729,5,1,1.0076295109200213,0.8979264074647777,0.8292829208654197,0.7313452477155897,0.6758936632800548,0.5771269528731804,0.5611759662634034,0.5238764942304841,0.4619304371974789,0.4061596244571847,0.37508951520461714,0.3339863186180498,0.3032318093880515,0.27220035505213636,0.2538844867873686,0.2186079274154202,1.1994036275336393,1.0790349359695879,0.9935842991869182,0.9088132248748908,0.8159091644927938,0.7351743746004312,0.6793318563513479,0.5842350262172911,0.5700614370576065,0.4596019433553579,0.45219051011150463,0.4016976612104948,0.367432269513312,0.30489642796910643,0.31319833760039695,0.2719482056579168
1.0790718565667192,4.86772950247922,1.373407845273264,0.10996755454062909,3,1,1.0054933666397419,0.8995852680571716,0.8106517930223923,0.7414614509429116,0.6618350313547738,0.6106231766056283,0.5454598649285508,0.48878737537516126,0.4480206088677259,0.38893841388735234,0.37854197381278404,0.34196189976746705,0.26759875830403357,0.2733200244494284,0.240489671604836,0.2315984501889801,1.2304364711256661,1.0795019394724779,0.9810802084021009,0.8770862604895158,0.8095769959614779,0.7383898117054057,0.662619971294485,0.5977728678720466,0.5238555224254943,0.4870392972623877,0.4281105803271042,0.39448690538022974,0.38428099966665064,0.3285606960486401,0.2851672734529449,0.2523355792733908
1.8720250936365266,6.296584179677457,1.9876529842267874,0.5370368746864415,3,4,0.9835092910544323,0.9136403334603967,0.8123600541562871,0.7465804022594477,0.6724521445584957,0.575612771401399,0.5594342397202268,0.46633895464418323,0.4419948352477408,0.3982528383670266,0.3229911718929656,0.3325745318854345,0.292780666510994,0.2497632353748633,0.2745838225820779,0.22154800936922395,1.1966916222547448,1.0803348658121843,0.9796299081064432,0.886280191120444,0.801177816553832,0.7128709169474235,0.6373024096364825,0.587708443191086,0.5183609406291693,0.4957670420368361,0.4225246025542301,0.40488152252131926,0.3400768772969557,0.33063139749506826,0.2824169750900662,0.27027795450718783
1.865449856868921,4.589410061310157,1.8774935695578119,0.49568509438375297,4,3,0.9964680372501806,0.8902577851999179,0.7983478162205955,0.7374243803393951,0.6644786187797526,0.5946629700330401,0.535865978723603,0.48298902100945607,0.4527824929641678,0.4269341236824169,0.3648047896026898,0.36554983029638294,0.27754507460905437,0.27654043193745015,0.229691445124422,0.22077362200796974,1.2014933294781012,1.0939740495067083,0.9989920026564408,0.8808691478414208,0.7862242612400169,0.725085383593058,0.6628676207668538,0.5856916913849065,0.5522559629920669,0.5124966281147904,0.4206625044653212,0.40474240436327025,0.3762945190163453,0.2989457427117476,0.29892446056201677,0.2644620251631228
1.4531552225679696,7.076664919032746,1.872439474609815,0.16151700545112077,2,3,0.9898862562741232,0.9149325104039173,0.8092494346247568,0.7252354920030443,0.663174331204334,0.6274441685467113,0.5468665269817631,0.5088594330855726,0.44243815911402634,0.4089919023261079,0.3517699919485481,0.31468265982095445,0.30946306655385336,0.2886384119137056,0.2545248401368628,0.2234251616165317,1.1780135769855253,1.0873579786764878,0.9693826632791955,0.8762534368668303,0.8080297278731178,0.716979121306783,0.6580080938618189,0.5956938045209852,0.5379778564427413,0.5078932862245611,0.43491085857060796,0.4170858768701663,0.3714239675406322,0.3212914968066703,0.2943600564590743,0.28378573626304554
1.812941902058999,5.213652049928161,1.362184470453695,0.16415023067275306,3,3,1.0209347508686573,0.8934173459195744,0.8156188954406817,0.7439018015988311,0.6710918769928621,0.5668554913979214,0.53019828033096,0.505206331862952,0.4488564516979558,0.41763584410777954,0.37251027055648755,0.3264717642932963,0.2707834608405178,0.2444891527279169,0.25838507552532175,0.2072668359959601,1.209317925229332,1.0897233739269665,0.9863851885515582,0.8842683484161976,0.7902592574873182,0.7328701404901308,0.6283550747328273,0.6138476067438129,0.522648283621394,0.4670984816498755,0.45650498876210405,0.4115503415408227,0.38282640674376567,0.31778979872217195,0.25102701116887366,0.286807523797262
0.9405782165071387,2.8580239111118537,1.5783301639846645,0.16764060822051988,1,2,0.9990881251965893,0.889661780840342,0.840637523131733,0.7465292712950995,0.6460889368908785,0.5980042042391157,0.5497485499947606,0.4891229676316077,0.45042888554164096,0.4124784337110327,0.37073759144656593,0.3265388449828297,0.32253042800422266,0.2857453922500084,0.2419589177412715,0.22114334862574,1.1900682165527539,1.06435611273752,0.9774713180343292,0.889525210041438,0.798732067694081,0.7132911925866128,0.612700224654351,0.5691820239960703,0.5515959953741006,0.46011582224131115,0.4497143910655933,0.4101655822687997,0.3597945987518616,0.32684976714039815,0.3079070411813378,0.26690195613841716
1.155857959512891,4.221722983647013,1.478516731148722,0.5294391583605718,5,4,0.984375278311857,0.903757672793421,0.830859056005277,0.7448559832792919,0.6883966088697985,0.586482116475374,0.5559931910635824,0.4875214609105508,0.45078641044917944,0.4112555001164216,0.3537531451652714,0.3295407161914794,0.28425011304134745,0.2764060243607964,0.23422109637953403,0.21593899582505008,1.2031856030015244,1.0762961579619623,0.999194053242374,0.879706368472852,0.8167462332086044,0.7319533941661979,0.6435226106551503,0.5927282344345908,0.5270203229133549,0.48262152618596094,0.4375104967727396,0.42590223429857643,0.3553387112253415,0.3498584549068065,0.30241857502446295,0.24874981326859275
1.636541839800862,7.641724448672981,1.6114165964923957,0.5390308193982151,1,2,0.980410289113578,0.9135022393790853,0.8472153971719202,0.7498686954159741,0.6884949237465517,0.6153535930432865,0.5632203024645012,0.5272881691484591,0.4243463756626536,0.39648548677290024,0.34542686280306173,0.33312263134922476,0.2954986055115238,0.2613607414421594,0.2535389581186414,0.2509100549234526,1.2204253145329402,1.1124036724524318,0.9843269096707029,0.8956467783971453,0.82609006106087,0.7426351189805421,0.6733651880107971,0.5911857240408668,0.5329227086752151,0.4781524332591566,0.46040682113007797,0.3867182026128371,0.36431721995732486,0.33127273097894194,0.294450653623203,0.2636275411793563
2.590317671118536,4.114993122741037,1.4628673055194588,0.39102805553825637,3,2,0.9957631314286953,0.9156242497554862,0.8087901093907504,0.7376757328451852,0.6912296413528732,0.599085242628899,0.553688962736316,0.5368541251223632,0.44523565708662105,0.41428700816315894,0.3622974010574316,0.35402557710317717,0.29776982164035776,0.26316952152071493,0.2522710049146118,0.2308295667004828,1.1924148004726316,1.098971820278761,0.9960318508705834,0.892354576646034,0.798721999264529,0.7192178160083422,0.6484036676251765,0.5807071896534892,0.5548038891350874,0.49558332050534765,0.4674524900521434,0.40236038777960065,0.38689104868395274,0.3058133997203488,0.29963644650821963,0.27933146910178225
1.2573817222896404,5.711502130880506,1.8293716792904122,0.200662466659054,4,3,1.002845262439875,0.8794656593864558,0.8349909939737705,0.7296520740707323,0.6642296359768722,0.625329612967414,0.5494316881809327,0.49703977812976613,0.45228078471987304,0.41466869356796177,0.3650304013046048,0.3416349943101868,0.29107572108543917,0.28641648745058484,0.2397563946088395,0.23565586147294285,1.2218710622465105,1.1038169422165214,0.9911938993153792,0.8665586522701758,0.7805047089947248,0.7347771908446321,0.6653244099904886,0.6017011079215943,0.5360171710823731,0.49040439435280064,0.4605844456749446,0.4043070895582573,0.3416437516433469,0.33907811678241456,0.2712864307654907,0.2822542764433997
0.6905832136927674,6.501931202764031,1.8139689103865553,0.2797185770038423,1,3,1.0215704870779667,0.9055087462621869,0.8253457081523254,0.7299128788631052,0.669815812445469,0.6136326050176127,0.5494239675615854,0.5052102551049048,0.44692791404282156,0.4251356618914018,0.3628083392284993,0.34293733403387006,0.29719630679449466,0.27070017073453345,0.2451636637586388,0.25974454627629845,1.1960120928387665,1.1044797069136953,1.0151815191872797,0.8865192716713911,0.8016632467007759,0.7094800087115729,0.6590096421797801,0.6025901572020549,0.543116843626512,0.4909557726572566,0.4474935204544817,0.3769187386390492,0.36744737444411185,0.35104794202354217,0.30376991847649915,0.2725377213260838
2.6026846629413622,7.989866667762848,1.5968019699699225,0.41212069659723427,1,3,0.9931105759452331,0.9016054436347262,0.8133182344555369,0.7318102557208557,0.6713680866557251,0.6324159184805759,0.5211630200003748,0.49433150545176396,0.45186192775241124,0.40130461362593894,0.3643258356955004,0.33868682240344816,0.30684382320970033,0.297732158798716,0.2524114884930603,0.23448883119637512,1.221866091033339,1.098552248299053,0.9744897558722234,0.8837809353009125,0.7900993727291024,0.7594853815458323,0.6594493568303,0.592163334644461,0.541234824182549,0.47964051524888746,0.43240677106580594,0.39879610589645975,0.3690213885591277,0.30245935570246074,0.3056984474354887,0.3004566899908135
2.2150906535063033,6.397287866978922,1.346821613595677,0.10142367106522979,4,1,0.9739298012485209,0.9052750878609422,0.8397018326318935,0.7271549820735267,0.6637767699374313,0.5989768621142789,0.52832487872084,0.4760584454829793,0.4508351376929954,0.4001390365799301,0.3650552888335322,0.31925775880814977,0.32161063754373953,0.3057205959118964,0.2350142479972618,0.20118143071083655,1.2186333285170656,1.1069245674454642,1.0125022404750539,0.8764637142960502,0.8034867996624525,0.6994973180614662,0.6650260649767892,0.5769284729245889,0.5134624120154508,0.4989574242427755,0.4479693499560495,0.36980531775062747,0.34986396488666766,0.36344310859884527,0.2603969315320533,0.2605931562527209
0.7895954450225818,7.826529873962356,1.8512355429053073,0.2260022064697564,2,2,1.0053261418467476,0.9205591659790996,0.8201956040109588,0.7582302161996838,0.6894334109049601,0.5940816516296038,0.5451263855258522,0.48208220727912254,0.454952850613524,0.38052073714008683,0.35323522361901294,0.3002432449348674,0.308213369145044,0.2589189976700923,0.2652205371549605,0.23447817260184428,1.207048199337798,1.0740990755636421,0.9588609279930634,0.8729614934795237,0.8047636590721265,0.7264644332030741,0.6558564467840878,0.5960895762943494,0.5602728837223239,0.5054545589765576,0.4236290207387365,0.4094421712724033,0.34835420782295373,0.33061753040436315,0.29908902879311006,0.28140775575048904
2.6113433961931407,5.906019815647074,1.504492207132848,0.14398812350802484,3,2,0.9951069120136342,0.8893903704612178,0.8042934919976837,0.7177498097555068,0.6868240435587682,0.6221682033369479,0.5757787885096257,0.5037848091080651,0.45413187715198644,0.41749968659506936,0.38161024998592624,0.3291339501749052,0.306279266323553,0.303625647449268,0.2221463285194501,0.2028402350288555,1.1860953654482702,1.0966809645460038,0.9996266588259372,0.8840908494730376,0.8140809315488048,0.7271380156205529,0.6629041384827431,0.5880987664140651,0.5388021898377593,0.48781585702057184,0.4577869291082597,0.4316712087667919,0.33522699741086587,0.3347284211952565,0.29584501961154824,0.2817363596762699
0.7522679601706629,5.539721962363597,1.9035767929792313,0.35693346063088294,4,2,1.0286239398894887,0.8910618032228438,0.8157391152566408,0.735663396551,0.6587553539543706,0.5951078483219653,0.5625324534303279,0.49286362230621134,0.43809667599993396,0.38858090121533484,0.3549191070750008,0.345691594849018,0.28663041186179095,0.2432466842777573,0.2323342233865423,0.22329894964238584,1.2050807706271494,1.0850393607193014,0.9940366957434955,0.869383056526665,0.7890905788287987,0.7220674120242699,0.6587871013615377,0.5643145602380006,0.5358880443179544,0.4631334587613876,0.45443708546733663,0.4023562491476687,0.3856110576403226,0.3551648900856844,0.30242144007817406,0.26247141772477434
1.968870153985934,5.67221391792566,1.3326706461488744,0.29610957866006593,5,3,0.992223899469918,0.8968337072315602,0.8192220646098274,0.7374236700242508,0.6556702068022643,0.6019522193614705,0.5804965974347863,0.5151412597946349,0.4381372871457636,0.39313836009213216,0.38187645643176893,0.3306167209463843,0.3120750765378293,0.2649196754009009,0.2553892986501042,0.20793763765466483,1.217648741655716,1.0913345638489844,0.9903625124006687,0.8827630861038772,0.8062736023004902,0.7228305538415412,0.6520917349513946,0.6128949551776135,0.5255188125187971,0.45814061588538973,0.4073125469560846,0.3785894023917829,0.3638330115568068,0.31306866648271,0.29176055936751977,0.25654013930697456
2.7281051789172435,5.111036848913366,1.7345010282444158,0.5640236811276391,4,1,0.9940732056284626,0.891915975644891,0.8074473227557573,0.7649437335846241,0.6631013596039742,0.6077878940148711,0.5675207224958893,0.48717085532561394,0.4339636858745103,0.40644844224684873,0.3848778313382906,0.35959956003295696,0.31286492476510014,0.27583887579987104,0.22507518319845846,0.21822293777986215,1.2089322750679263,1.0731967497477437,0.9957387849473642,0.8958933581198977,0.8013134540323116,0.7131021238913783,0.6695242965489214,0.5687352370348457,0.5510675332535389,0.49918773683268536,0.45989468632620395,0.40080858584169643,0.3573285823323942,0.3149029661118682,0.28456871191990624,0.25927555147325426
2.951217141810356,7.372393976034752,1.9129200882016226,0.14820207042148562,5,4,1.0119674054466958,0.8844264222368586,0.8269072457863617,0.7369728235570339,0.6810392069527623,0.6280399981107295,0.5484511328669969,0.48908281951850796,0.42563136902133625,0.42292969000240077,0.37496691304887675,0.30508259351052686,0.2869113923748161,0.2829119428733986,0.23101913378181624,0.24879154466878278,1.198034314451816,1.0776932367408805,0.9810822725096102,0.8735457226044296,0.8154953315354092,0.7223719868072725,0.6637971690122964,0.617996512195984,0.544156934923259,0.48533747496748264,0.461042945839797,0.3998278378254141,0.36288151131065427,0.34294022539439395,0.3013599529663856,0.2913675518443983
2.4630230375527304,6.237473888967955,1.897087216279521,0.16622929927392324,2,2,0.9679262155793216,0.9047223857999863,0.8386265467028211,0.726135624719352,0.6796805344047319,0.5869521960465839,0.5545669711423945,0.4910893066011903,0.4426754397754683,0.3841371000575181,0.35872326248795183,0.32506563407174693,0.3197958278754809,0.28090428013817803,0.25198460045692184,0.21243138504501996,1.2024550167438515,1.096198020746348,1.0011948462723048,0.9015041164686963,0.8310473987849603,0.7235836156951695,0.6437806593415397,0.6138495311427528,0.5649470271246553,0.5004354429943968,0.4408898809378609,0.4005526113357724,0.3557920581184397,0.3210881964617216,0.29509532523968424,0.272927198404369
1.6142534872562717,5.552014185310789,1.865162713248921,0.11980266920426072,4,1,0.9875450805158053,0.9061154317270912,0.8544561723840813,0.7256962748927424,0.659668406546534,0.6044506647571668,0.5227510901288863,0.4869056264399814,0.4413123318673216,0.4462737457973779,0.34693320833565805,0.3217746543783631,0.3027560878611487,0.2816454745033886,0.25101293392874746,0.2121336356840416,1.1737286269241927,1.1122724606829952,0.9815117436445427,0.8954061011051668,0.815738052111263,0.7375190564486543,0.6733351355928267,0.5915662583338268,0.5237033743809777,0.461034344133781,0.4550620361945342,0.4043174586638951,0.3398948992844437,0.32271334827061776,0.295679423372649,0.2892482964256174
1.9390083799835898,4.872308231866583,1.9784280238886756,0.5401941549346289,5,4,1.0075471986045128,0.924160237684379,0.8256161836041243,0.7466528411807292,0.6706790306365853,0.6005590719517812,0.55100087509705,0.49493971248731233,0.45387547675748474,0.3804520325217762,0.36675386788226877,0.30705203295343697,0.30879783852959924,0.29653411598193696,0.25319950224724874,0.21243000383107702,1.2007272018614152,1.0826580901660938,0.9810934555414497,0.8683563337837553,0.8183354032997593,0.7292242517117355,0.6337838648471483,0.6099568793398203,0.5235245259176675,0.46855581979207084,0.4228302635140664,0.3949445772607329,0.3479638651215642,0.31312575189875497,0.29028689012027575,0.2806144679878163
